"Date","Country","Region","Total confirmed cases","Population Incidence Ratio","Total ICU cases","Total deaths","Total Hospital cases","New cases","Total cured","New Hospital cases","New ICU cases","New deaths","New cured"
"2020-03-03 21:00:00","Spain","Andalucía",13,0,1,0,"","","","","","",""
"2020-03-03 21:00:00","Spain","Aragón",0,0,0,0,"","","","","","",""
"2020-03-03 21:00:00","Spain","Asturias",2,0,1,0,"","","","","","",""
"2020-03-03 21:00:00","Spain","Baleares",5,0,0,0,"","","","","","",""
"2020-03-03 21:00:00","Spain","Canarias",7,0,0,0,"","","","","","",""
"2020-03-03 21:00:00","Spain","Cantabria",10,1,0,0,"","","","","","",""
"2020-03-03 21:00:00","Spain","Castilla La Mancha",12,0,1,0,"","","","","","",""
"2020-03-03 21:00:00","Spain","Castilla y León",11,0,1,0,"","","","","","",""
"2020-03-03 21:00:00","Spain","Cataluña",15,0,0,0,"","","","","","",""
"2020-03-03 21:00:00","Spain","Ceuta",0,0,0,0,"","","","","","",""
"2020-03-03 21:00:00","Spain","Comunidad Valenciana",19,0,0,1,"","","","","","",""
"2020-03-03 21:00:00","Spain","Extremadura",6,0,0,0,"","","","","","",""
"2020-03-03 21:00:00","Spain","Galicia",1,0,0,0,"","","","","","",""
"2020-03-03 21:00:00","Spain","Madrid",70,1,2,0,"","","","","","",""
"2020-03-03 21:00:00","Spain","Melilla",0,0,0,0,"","","","","","",""
"2020-03-03 21:00:00","Spain","Murcia",0,0,0,0,"","","","","","",""
"2020-03-03 21:00:00","Spain","Navarra",3,0,1,0,"","","","","","",""
"2020-03-03 21:00:00","Spain","País Vasco",17,0,0,0,"","","","","","",""
"2020-03-03 21:00:00","Spain","La Rioja",7,2,0,0,"","","","","","",""
"2020-03-04 21:00:00","Spain","Andalucía",12,0,1,0,"","","","","","",""
"2020-03-04 21:00:00","Spain","Aragón",1,0,1,0,"","","","","","",""
"2020-03-04 21:00:00","Spain","Asturias",5,0,2,0,"","","","","","",""
"2020-03-04 21:00:00","Spain","Baleares",6,0,0,0,"","","","","","",""
"2020-03-04 21:00:00","Spain","Canarias",8,0,0,0,"","","","","","",""
"2020-03-04 21:00:00","Spain","Cantabria",10,1,0,0,"","","","","","",""
"2020-03-04 21:00:00","Spain","Castilla La Mancha",13,0,1,0,"","","","","","",""
"2020-03-04 21:00:00","Spain","Castilla y León",11,0,1,0,"","","","","","",""
"2020-03-04 21:00:00","Spain","Cataluña",24,0,0,0,"","","","","","",""
"2020-03-04 21:00:00","Spain","Ceuta",0,0,0,0,"","","","","","",""
"2020-03-04 21:00:00","Spain","Comunidad Valenciana",19,0,0,1,"","","","","","",""
"2020-03-04 21:00:00","Spain","Extremadura",6,0,0,0,"","","","","","",""
"2020-03-04 21:00:00","Spain","Galicia",1,0,0,0,"","","","","","",""
"2020-03-04 21:00:00","Spain","Madrid",90,1,2,1,"","","","","","",""
"2020-03-04 21:00:00","Spain","Melilla",0,0,0,0,"","","","","","",""
"2020-03-04 21:00:00","Spain","Murcia",0,0,0,0,"","","","","","",""
"2020-03-04 21:00:00","Spain","Navarra",3,0,1,0,"","","","","","",""
"2020-03-04 21:00:00","Spain","País Vasco",17,0,0,1,"","","","","","",""
"2020-03-04 21:00:00","Spain","La Rioja",11,3,0,0,"","","","","","",""
"2020-03-05 21:00:00","Spain","Andalucía",21,0,1,0,"","","","","","",""
"2020-03-05 21:00:00","Spain","Aragón",6,0,1,1,"","","","","","",""
"2020-03-05 21:00:00","Spain","Asturias",5,0,2,0,"","","","","","",""
"2020-03-05 21:00:00","Spain","Baleares",6,0,0,0,"","","","","","",""
"2020-03-05 21:00:00","Spain","Canarias",11,0,0,0,"","","","","","",""
"2020-03-05 21:00:00","Spain","Cantabria",10,1,0,0,"","","","","","",""
"2020-03-05 21:00:00","Spain","Castilla La Mancha",15,0,1,0,"","","","","","",""
"2020-03-05 21:00:00","Spain","Castilla y León",14,0,1,0,"","","","","","",""
"2020-03-05 21:00:00","Spain","Cataluña",24,0,0,0,"","","","","","",""
"2020-03-05 21:00:00","Spain","Ceuta",0,0,0,0,"","","","","","",""
"2020-03-05 21:00:00","Spain","Comunidad Valenciana",30,0,1,1,"","","","","","",""
"2020-03-05 21:00:00","Spain","Extremadura",6,0,0,0,"","","","","","",""
"2020-03-05 21:00:00","Spain","Galicia",3,0,0,0,"","","","","","",""
"2020-03-05 21:00:00","Spain","Madrid",137,2,2,2,"","","","","","",""
"2020-03-05 21:00:00","Spain","Melilla",0,0,0,0,"","","","","","",""
"2020-03-05 21:00:00","Spain","Murcia",0,0,0,0,"","","","","","",""
"2020-03-05 21:00:00","Spain","Navarra",3,0,1,0,"","","","","","",""
"2020-03-05 21:00:00","Spain","País Vasco",45,2,1,1,"","","","","","",""
"2020-03-05 21:00:00","Spain","La Rioja",29,9,0,0,"","","","","","",""
"2020-03-06 21:00:00","Spain","Andalucía",54,0,1,0,"","","","","","",""
"2020-03-06 21:00:00","Spain","Aragón",13,0,1,1,"","","","","","",""
"2020-03-06 21:00:00","Spain","Asturias",7,0,2,0,"","","","","","",""
"2020-03-06 21:00:00","Spain","Baleares",11,0,0,0,"","","","","","",""
"2020-03-06 21:00:00","Spain","Canarias",22,1,0,0,"","","","","","",""
"2020-03-06 21:00:00","Spain","Cantabria",12,2,0,0,"","","","","","",""
"2020-03-06 21:00:00","Spain","Castilla La Mancha",26,1,2,0,"","","","","","",""
"2020-03-06 21:00:00","Spain","Castilla y León",23,0,1,0,"","","","","","",""
"2020-03-06 21:00:00","Spain","Cataluña",75,0,0,1,"","","","","","",""
"2020-03-06 21:00:00","Spain","Ceuta",0,0,0,0,"","","","","","",""
"2020-03-06 21:00:00","Spain","Comunidad Valenciana",37,0,1,1,"","","","","","",""
"2020-03-06 21:00:00","Spain","Extremadura",7,0,0,0,"","","","","","",""
"2020-03-06 21:00:00","Spain","Galicia",6,0,0,0,"","","","","","",""
"2020-03-06 21:00:00","Spain","Madrid",469,7,53,8,"","","","","","",""
"2020-03-06 21:00:00","Spain","Melilla",0,0,0,0,"","","","","","",""
"2020-03-06 21:00:00","Spain","Murcia",4,0,0,0,"","","","","","",""
"2020-03-06 21:00:00","Spain","Navarra",3,0,1,0,"","","","","","",""
"2020-03-06 21:00:00","Spain","País Vasco",149,6,5,5,"","","","","","",""
"2020-03-06 21:00:00","Spain","La Rioja",81,25,1,0,"","","","","","",""
"2020-03-09 21:00:00","Spain","Andalucía",71,0,1,0,"","","","","","",""
"2020-03-09 21:00:00","Spain","Aragón",38,2,3,3,"","","","","","",""
"2020-03-09 21:00:00","Spain","Asturias",22,2,2,0,"","","","","","",""
"2020-03-09 21:00:00","Spain","Baleares",13,1,1,0,"","","","","","",""
"2020-03-09 21:00:00","Spain","Canarias",25,1,1,0,"","","","","","",""
"2020-03-09 21:00:00","Spain","Cantabria",12,2,0,0,"","","","","","",""
"2020-03-09 21:00:00","Spain","Castilla La Mancha",39,1,2,0,"","","","","","",""
"2020-03-09 21:00:00","Spain","Castilla y León",56,2,2,0,"","","","","","",""
"2020-03-09 21:00:00","Spain","Cataluña",124,1,0,3,"","","","","","",""
"2020-03-09 21:00:00","Spain","Ceuta",0,0,0,0,"","","","","","",""
"2020-03-09 21:00:00","Spain","Comunidad Valenciana",50,1,1,1,"","","","","","",""
"2020-03-09 21:00:00","Spain","Extremadura",8,0,0,0,"","","","","","",""
"2020-03-09 21:00:00","Spain","Galicia",22,0,2,0,"","","","","","",""
"2020-03-09 21:00:00","Spain","Madrid",782,11,77,21,"","","","","","",""
"2020-03-09 21:00:00","Spain","Melilla",0,0,0,0,"","","","","","",""
"2020-03-09 21:00:00","Spain","Murcia",9,0,0,0,"","","","","","",""
"2020-03-09 21:00:00","Spain","Navarra",12,1,2,0,"","","","","","",""
"2020-03-09 21:00:00","Spain","País Vasco",195,8,5,6,"","","","","","",""
"2020-03-09 21:00:00","Spain","La Rioja",144,45,1,1,"","","","","","",""
"2020-03-10 21:00:00","Spain","Andalucía",90,1,3,0,"","","","","","",""
"2020-03-10 21:00:00","Spain","Aragón",45,3,3,4,"","","","","","",""
"2020-03-10 21:00:00","Spain","Asturias",32,3,2,0,"","","","","","",""
"2020-03-10 21:00:00","Spain","Baleares",16,1,1,0,"","","","","","",""
"2020-03-10 21:00:00","Spain","Canarias",37,1,1,0,"","","","","","",""
"2020-03-10 21:00:00","Spain","Cantabria",12,2,0,0,"","","","","","",""
"2020-03-10 21:00:00","Spain","Castilla La Mancha",71,3,5,0,"","","","","","",""
"2020-03-10 21:00:00","Spain","Castilla y León",71,2,2,0,"","","","","","",""
"2020-03-10 21:00:00","Spain","Cataluña",156,2,0,3,"","","","","","",""
"2020-03-10 21:00:00","Spain","Ceuta",0,0,0,0,"","","","","","",""
"2020-03-10 21:00:00","Spain","Comunidad Valenciana",65,1,1,1,"","","","","","",""
"2020-03-10 21:00:00","Spain","Extremadura",9,0,1,0,"","","","","","",""
"2020-03-10 21:00:00","Spain","Galicia",39,1,2,0,"","","","","","",""
"2020-03-10 21:00:00","Spain","Madrid",1024,15,102,31,"","","","","","",""
"2020-03-10 21:00:00","Spain","Melilla",0,0,0,0,"","","","","","",""
"2020-03-10 21:00:00","Spain","Murcia",11,0,0,0,"","","","","","",""
"2020-03-10 21:00:00","Spain","Navarra",46,7,3,0,"","","","","","",""
"2020-03-10 21:00:00","Spain","País Vasco",225,10,15,6,"","","","","","",""
"2020-03-10 21:00:00","Spain","La Rioja",179,56,1,2,"","","","","","",""
"2020-03-11 21:00:00","Spain","Andalucía",115,1,4,0,"","","","","","",""
"2020-03-11 21:00:00","Spain","Aragón",64,4,3,6,"","","","","","",""
"2020-03-11 21:00:00","Spain","Asturias",47,4,2,1,"","","","","","",""
"2020-03-11 21:00:00","Spain","Baleares",22,1,2,1,"","","","","","",""
"2020-03-11 21:00:00","Spain","Canarias",51,2,3,0,"","","","","","",""
"2020-03-11 21:00:00","Spain","Cantabria",16,2,0,0,"","","","","","",""
"2020-03-11 21:00:00","Spain","Castilla La Mancha",115,5,9,1,"","","","","","",""
"2020-03-11 21:00:00","Spain","Castilla y León",92,3,4,0,"","","","","","",""
"2020-03-11 21:00:00","Spain","Cataluña",260,3,0,4,"","","","","","",""
"2020-03-11 21:00:00","Spain","Ceuta",0,0,0,0,"","","","","","",""
"2020-03-11 21:00:00","Spain","Comunidad Valenciana",76,1,2,1,"","","","","","",""
"2020-03-11 21:00:00","Spain","Extremadura",19,1,1,1,"","","","","","",""
"2020-03-11 21:00:00","Spain","Galicia",35,1,2,0,"","","","","","",""
"2020-03-11 21:00:00","Spain","Madrid",1388,20,135,56,"","","","","","",""
"2020-03-11 21:00:00","Spain","Melilla",0,0,0,0,"","","","","","",""
"2020-03-11 21:00:00","Spain","Murcia",26,1,1,0,"","","","","","",""
"2020-03-11 21:00:00","Spain","Navarra",73,11,3,0,"","","","","","",""
"2020-03-11 21:00:00","Spain","País Vasco",346,15,18,11,"","","","","","",""
"2020-03-11 21:00:00","Spain","La Rioja",205,64,1,2,"","","","","","",""
"2020-03-12 21:00:00","Spain","Andalucía",219,2,8,0,"","","","","","",""
"2020-03-12 21:00:00","Spain","Aragón",80,6,3,7,"","","","","","",""
"2020-03-12 21:00:00","Spain","Asturias",67,6,2,1,"","","","","","",""
"2020-03-12 21:00:00","Spain","Baleares",30,2,2,1,"","","","","","",""
"2020-03-12 21:00:00","Spain","Canarias",70,2,2,0,"","","","","","",""
"2020-03-12 21:00:00","Spain","Cantabria",29,4,0,0,"","","","","","",""
"2020-03-12 21:00:00","Spain","Castilla La Mancha",194,9,10,5,"","","","","","",""
"2020-03-12 21:00:00","Spain","Castilla y León",169,6,8,1,"","","","","","",""
"2020-03-12 21:00:00","Spain","Cataluña",316,4,25,4,"","","","","","",""
"2020-03-12 21:00:00","Spain","Ceuta",0,0,0,0,"","","","","","",""
"2020-03-12 21:00:00","Spain","Comunidad Valenciana",94,1,2,1,"","","","","","",""
"2020-03-12 21:00:00","Spain","Extremadura",39,3,1,1,"","","","","","",""
"2020-03-12 21:00:00","Spain","Galicia",85,3,2,0,"","","","","","",""
"2020-03-12 21:00:00","Spain","Madrid",1990,29,180,81,"","","","","","",""
"2020-03-12 21:00:00","Spain","Melilla",2,2,0,0,"","","","","","",""
"2020-03-12 21:00:00","Spain","Murcia",35,2,1,0,"","","","","","",""
"2020-03-12 21:00:00","Spain","Navarra",130,19,4,0,"","","","","","",""
"2020-03-12 21:00:00","Spain","País Vasco",417,18,20,14,"","","","","","",""
"2020-03-12 21:00:00","Spain","La Rioja",243,76,2,2,"","","","","","",""
"2020-03-15 21:00:00","Spain","Andalucía",554,6,11,7,"","","","","","",""
"2020-03-15 21:00:00","Spain","Aragón",174,13,7,11,"","","","","","",""
"2020-03-15 21:00:00","Spain","Asturias",177,17,3,1,"","","","","","",""
"2020-03-15 21:00:00","Spain","Baleares",73,6,4,1,"","","","","","",""
"2020-03-15 21:00:00","Spain","Canarias",119,5,9,1,"","","","","","",""
"2020-03-15 21:00:00","Spain","Cantabria",58,8,2,0,"","","","","","",""
"2020-03-15 21:00:00","Spain","Castilla La Mancha",567,27,23,17,"","","","","","",""
"2020-03-15 21:00:00","Spain","Castilla y León",334,13,24,9,"","","","","","",""
"2020-03-15 21:00:00","Spain","Cataluña",903,11,33,12,"","","","","","",""
"2020-03-15 21:00:00","Spain","Ceuta",1,1,0,0,"","","","","","",""
"2020-03-15 21:00:00","Spain","Comunidad Valenciana",409,7,4,5,"","","","","","",""
"2020-03-15 21:00:00","Spain","Extremadura",111,9,1,2,"","","","","","",""
"2020-03-15 21:00:00","Spain","Galicia",245,9,9,2,"","","","","","",""
"2020-03-15 21:00:00","Spain","Madrid",4165,62,253,213,"","","","","","",""
"2020-03-15 21:00:00","Spain","Melilla",8,9,0,0,"","","","","","",""
"2020-03-15 21:00:00","Spain","Murcia",77,5,2,0,"","","","","","",""
"2020-03-15 21:00:00","Spain","Navarra",274,41,5,1,"","","","","","",""
"2020-03-15 21:00:00","Spain","País Vasco",630,28,29,23,"","","","","","",""
"2020-03-15 21:00:00","Spain","La Rioja",312,98,13,4,"","","","","","",""
"2020-03-16 21:00:00","Spain","Andalucía",683,7,13,11,"","","","","","",""
"2020-03-16 21:00:00","Spain","Aragón",207,15,9,12,"","","","","","",""
"2020-03-16 21:00:00","Spain","Asturias",193,18,5,1,"","","","","","",""
"2020-03-16 21:00:00","Spain","Baleares",92,7,4,1,"","","","","","",""
"2020-03-16 21:00:00","Spain","Canarias",148,6,13,2,"","","","","","",""
"2020-03-16 21:00:00","Spain","Cantabria",58,8,2,0,"","","","","","",""
"2020-03-16 21:00:00","Spain","Castilla La Mancha",567,27,23,17,"","","","","","",""
"2020-03-16 21:00:00","Spain","Castilla y León",431,17,24,12,"","","","","","",""
"2020-03-16 21:00:00","Spain","Cataluña",1394,17,33,18,"","","","","","",""
"2020-03-16 21:00:00","Spain","Ceuta",1,1,0,0,"","","","","","",""
"2020-03-16 21:00:00","Spain","Comunidad Valenciana",541,10,27,13,"","","","","","",""
"2020-03-16 21:00:00","Spain","Extremadura",153,13,2,3,"","","","","","",""
"2020-03-16 21:00:00","Spain","Galicia",292,10,9,3,"","","","","","",""
"2020-03-16 21:00:00","Spain","Madrid",4871,72,340,355,"","","","","","",""
"2020-03-16 21:00:00","Spain","Melilla",17,19,0,0,"","","","","","",""
"2020-03-16 21:00:00","Spain","Murcia",97,6,3,0,"","","","","","",""
"2020-03-16 21:00:00","Spain","Navarra",313,47,10,2,"","","","","","",""
"2020-03-16 21:00:00","Spain","País Vasco",765,34,33,36,"","","","","","",""
"2020-03-16 21:00:00","Spain","La Rioja",355,111,13,5,"","","","","","",""
"2020-03-17 21:00:00","Spain","Andalucía",859,10,21,19,"","","","","","",""
"2020-03-17 21:00:00","Spain","Aragón",226,17,9,13,"","","","","","",""
"2020-03-17 21:00:00","Spain","Asturias",242,23,5,1,"","","","","","",""
"2020-03-17 21:00:00","Spain","Baleares",112,9,4,1,"","","","","","",""
"2020-03-17 21:00:00","Spain","Canarias",181,8,17,3,"","","","","","",""
"2020-03-17 21:00:00","Spain","Cantabria",68,9,3,1,"","","","","","",""
"2020-03-17 21:00:00","Spain","Castilla La Mancha",675,32,29,28,"","","","","","",""
"2020-03-17 21:00:00","Spain","Castilla y León",668,27,43,22,"","","","","","",""
"2020-03-17 21:00:00","Spain","Cataluña",1866,24,33,41,"","","","","","",""
"2020-03-17 21:00:00","Spain","Ceuta",1,1,0,0,"","","","","","",""
"2020-03-17 21:00:00","Spain","Comunidad Valenciana",726,14,40,22,"","","","","","",""
"2020-03-17 21:00:00","Spain","Extremadura",194,17,3,6,"","","","","","",""
"2020-03-17 21:00:00","Spain","Galicia",341,12,12,3,"","","","","","",""
"2020-03-17 21:00:00","Spain","Madrid",5637,83,491,390,"","","","","","",""
"2020-03-17 21:00:00","Spain","Melilla",20,23,0,0,"","","","","","",""
"2020-03-17 21:00:00","Spain","Murcia",122,8,4,0,"","","","","","",""
"2020-03-17 21:00:00","Spain","Navarra",386,58,10,3,"","","","","","",""
"2020-03-17 21:00:00","Spain","País Vasco",973,43,37,40,"","","","","","",""
"2020-03-17 21:00:00","Spain","La Rioja",419,130,13,5,"","","","","","",""
"2020-03-18 21:00:00","Spain","Andalucía",1008,11,25,23,"","","","","","",""
"2020-03-18 21:00:00","Spain","Aragón",281,21,14,15,"","","","","","",""
"2020-03-18 21:00:00","Spain","Asturias",292,28,6,1,"","","","","","",""
"2020-03-18 21:00:00","Spain","Baleares",169,14,7,2,"","","","","","",""
"2020-03-18 21:00:00","Spain","Canarias",220,9,23,3,"","","","","","",""
"2020-03-18 21:00:00","Spain","Cantabria",83,12,4,1,"","","","","","",""
"2020-03-18 21:00:00","Spain","Castilla La Mancha",801,38,37,42,"","","","","","",""
"2020-03-18 21:00:00","Spain","Castilla y León",868,35,54,29,"","","","","","",""
"2020-03-18 21:00:00","Spain","Cataluña",2702,34,33,55,"","","","","","",""
"2020-03-18 21:00:00","Spain","Ceuta",1,1,0,0,"","","","","","",""
"2020-03-18 21:00:00","Spain","Comunidad Valenciana",921,18,52,24,"","","","","","",""
"2020-03-18 21:00:00","Spain","Extremadura",241,22,3,8,"","","","","","",""
"2020-03-18 21:00:00","Spain","Galicia",453,16,15,4,"","","","","","",""
"2020-03-18 21:00:00","Spain","Madrid",6777,100,590,498,"","","","","","",""
"2020-03-18 21:00:00","Spain","Melilla",23,26,0,0,"","","","","","",""
"2020-03-18 21:00:00","Spain","Murcia",167,11,6,0,"","","","","","",""
"2020-03-18 21:00:00","Spain","Navarra",482,73,11,4,"","","","","","",""
"2020-03-18 21:00:00","Spain","País Vasco",1190,53,44,53,"","","","","","",""
"2020-03-18 21:00:00","Spain","La Rioja",468,144,15,5,"","","","","","",""
"2020-03-19 21:00:00","Spain","Andalucía",1287,15,38,30,"","","","","","",""
"2020-03-19 21:00:00","Spain","Aragón",360,26,28,17,"","","","","","",""
"2020-03-19 21:00:00","Spain","Asturias",344,33,7,2,"","","","","","",""
"2020-03-19 21:00:00","Spain","Baleares",203,17,10,2,"","","","","","",""
"2020-03-19 21:00:00","Spain","Canarias",287,12,25,4,"","","","","","",""
"2020-03-19 21:00:00","Spain","Cantabria",144,23,7,1,"","","","","","",""
"2020-03-19 21:00:00","Spain","Castilla La Mancha",1044,50,37,62,"","","","","","",""
"2020-03-19 21:00:00","Spain","Castilla y León",1147,47,69,43,"","","","","","",""
"2020-03-19 21:00:00","Spain","Cataluña",3270,42,33,82,"","","","","","",""
"2020-03-19 21:00:00","Spain","Ceuta",5,5,0,0,"","","","","","",""
"2020-03-19 21:00:00","Spain","Comunidad Valenciana",1105,21,71,33,"","","","","","",""
"2020-03-19 21:00:00","Spain","Extremadura",297,27,4,10,"","","","","","",""
"2020-03-19 21:00:00","Spain","Galicia",578,21,19,5,"","","","","","",""
"2020-03-19 21:00:00","Spain","Madrid",7165,105,678,628,"","","","","","",""
"2020-03-19 21:00:00","Spain","Melilla",24,27,1,0,"","","","","","",""
"2020-03-19 21:00:00","Spain","Murcia",204,13,11,0,"","","","","","",""
"2020-03-19 21:00:00","Spain","Navarra",554,84,19,5,"","","","","","",""
"2020-03-19 21:00:00","Spain","País Vasco",1465,64,53,71,"","","","","","",""
"2020-03-19 21:00:00","Spain","La Rioja",497,147,15,7,"","","","","","",""
"2020-03-20 21:00:00","Spain","Andalucía",1515,17,53,40,605.0,228.0,"","","","",""
"2020-03-20 21:00:00","Spain","Aragón",424,31,33,22,192.0,64.0,"","","","",""
"2020-03-20 21:00:00","Spain","Asturias",486,47,12,5,133.0,142.0,"","","","",""
"2020-03-20 21:00:00","Spain","Baleares",246,20,14,4,60.0,43.0,"","","","",""
"2020-03-20 21:00:00","Spain","Canarias",348,15,29,7,139.0,61.0,"","","","",""
"2020-03-20 21:00:00","Spain","Cantabria",215,35,9,2,92.0,71.0,"","","","",""
"2020-03-20 21:00:00","Spain","Castilla La Mancha",1423,69,65,84,635.0,379.0,"","","","",""
"2020-03-20 21:00:00","Spain","Castilla y León",1466,60,85,55,575.0,319.0,"","","","",""
"2020-03-20 21:00:00","Spain","Cataluña",4203,54,298,122,1681.0,933.0,"","","","",""
"2020-03-20 21:00:00","Spain","Ceuta",5,5,0,0,0.0,0.0,"","","","",""
"2020-03-20 21:00:00","Spain","Comunidad Valenciana",1363,26,84,50,476.0,258.0,"","","","",""
"2020-03-20 21:00:00","Spain","Extremadura",354,32,6,12,65.0,57.0,"","","","",""
"2020-03-20 21:00:00","Spain","Galicia",739,27,29,9,168.0,161.0,"","","","",""
"2020-03-20 21:00:00","Spain","Madrid",8921,131,767,804,7388.0,1756.0,"","","","",""
"2020-03-20 21:00:00","Spain","Melilla",25,28,1,0,8.0,1.0,"","","","",""
"2020-03-20 21:00:00","Spain","Murcia",240,16,14,1,61.0,36.0,"","","","",""
"2020-03-20 21:00:00","Spain","Navarra",664,101,25,9,222.0,110.0,"","","","",""
"2020-03-20 21:00:00","Spain","País Vasco",1725,76,71,85,654.0,260.0,"","","","",""
"2020-03-20 21:00:00","Spain","La Rioja",564,165,17,15,128.0,67.0,"","","","",""
"2020-03-21 21:00:00","Spain","Andalucía",1725,20,55,47,724.0,210.0,"","","","",""
"2020-03-21 21:00:00","Spain","Aragón",532,39,45,24,241.0,108.0,"","","","",""
"2020-03-21 21:00:00","Spain","Asturias",545,52,15,8,171.0,59.0,"","","","",""
"2020-03-21 21:00:00","Spain","Baleares",331,28,14,4,79.0,85.0,"","","","",""
"2020-03-21 21:00:00","Spain","Canarias",414,18,32,9,150.0,66.0,"","","","",""
"2020-03-21 21:00:00","Spain","Cantabria",282,46,9,5,116.0,67.0,"","","","",""
"2020-03-21 21:00:00","Spain","Castilla La Mancha",1819,88,76,112,838.0,396.0,"","","","",""
"2020-03-21 21:00:00","Spain","Castilla y León",1744,71,106,74,709.0,278.0,"","","","",""
"2020-03-21 21:00:00","Spain","Cataluña",4704,60,298,191,1681.0,501.0,"","","","",""
"2020-03-21 21:00:00","Spain","Ceuta",5,5,0,0,0.0,0.0,"","","","",""
"2020-03-21 21:00:00","Spain","Comunidad Valenciana",1604,31,113,69,590.0,241.0,"","","","",""
"2020-03-21 21:00:00","Spain","Extremadura",384,35,8,14,87.0,30.0,"","","","",""
"2020-03-21 21:00:00","Spain","Galicia",915,33,35,12,227.0,176.0,"","","","",""
"2020-03-21 21:00:00","Spain","Madrid",9702,142,834,1020,8441.0,781.0,"","","","",""
"2020-03-21 21:00:00","Spain","Melilla",25,28,1,0,12.0,0.0,"","","","",""
"2020-03-21 21:00:00","Spain","Murcia",296,19,16,1,78.0,56.0,"","","","",""
"2020-03-21 21:00:00","Spain","Navarra",794,120,30,14,288.0,130.0,"","","","",""
"2020-03-21 21:00:00","Spain","País Vasco",2097,91,81,97,988.0,372.0,"","","","",""
"2020-03-21 21:00:00","Spain","La Rioja",654,189,17,18,134.0,90.0,"","","","",""
"2020-03-22 21:00:00","Spain","Andalucía",1960,22,77,58,865.0,236.0,50.0,"","","",""
"2020-03-22 21:00:00","Spain","Aragón",638,47,52,32,298.0,106.0,3.0,"","","",""
"2020-03-22 21:00:00","Spain","Asturias",594,57,22,12,194.0,49.0,21.0,"","","",""
"2020-03-22 21:00:00","Spain","Baleares",400,33,27,10,87.0,69.0,18.0,"","","",""
"2020-03-22 21:00:00","Spain","Canarias",481,21,32,11,172.0,67.0,7.0,"","","",""
"2020-03-22 21:00:00","Spain","Cantabria",347,57,14,6,157.0,65.0,11.0,"","","",""
"2020-03-22 21:00:00","Spain","Castilla La Mancha",2078,100,142,145,1547.0,259.0,51.0,"","","",""
"2020-03-22 21:00:00","Spain","Castilla y León",2055,84,120,102,860.0,311.0,117.0,"","","",""
"2020-03-22 21:00:00","Spain","Cataluña",5925,76,551,245,1681.0,1221.0,644.0,"","","",""
"2020-03-22 21:00:00","Spain","Ceuta",6,7,0,0,0.0,1.0,0.0,"","","",""
"2020-03-22 21:00:00","Spain","Comunidad Valenciana",1901,37,138,94,702.0,297.0,36.0,"","","",""
"2020-03-22 21:00:00","Spain","Extremadura",493,45,13,18,131.0,109.0,6.0,"","","",""
"2020-03-22 21:00:00","Spain","Galicia",1208,44,47,18,270.0,293.0,19.0,"","","",""
"2020-03-22 21:00:00","Spain","Madrid",10575,151,942,1263,9561.0,873.0,2063.0,"","","",""
"2020-03-22 21:00:00","Spain","Melilla",28,32,1,0,12.0,3.0,0.0,"","","",""
"2020-03-22 21:00:00","Spain","Murcia",345,22,23,2,80.0,49.0,1.0,"","","",""
"2020-03-22 21:00:00","Spain","Navarra",886,134,40,24,339.0,92.0,7.0,"","","",""
"2020-03-22 21:00:00","Spain","País Vasco",2421,102,92,120,1252.0,324.0,283.0,"","","",""
"2020-03-22 21:00:00","Spain","La Rioja",747,210,22,22,166.0,93.0,18.0,"","","",""
"2020-03-23 21:00:00","Spain","Andalucía",2471,28,102,87,1132.0,510.0,66.0,"","","",""
"2020-03-23 21:00:00","Spain","Aragón",758,54,66,37,384.0,120.0,3.0,"","","",""
"2020-03-23 21:00:00","Spain","Asturias",662,62,23,22,224.0,68.0,30.0,"","","",""
"2020-03-23 21:00:00","Spain","Baleares",478,40,35,10,127.0,78.0,19.0,"","","",""
"2020-03-23 21:00:00","Spain","Canarias",557,24,36,16,207.0,76.0,8.0,"","","",""
"2020-03-23 21:00:00","Spain","Cantabria",425,71,16,9,200.0,78.0,12.0,"","","",""
"2020-03-23 21:00:00","Spain","Castilla La Mancha",2465,119,182,216,1826.0,387.0,53.0,"","","",""
"2020-03-23 21:00:00","Spain","Castilla y León",2460,100,137,124,1057.0,405.0,140.0,"","","",""
"2020-03-23 21:00:00","Spain","Cataluña",7864,100,551,282,3599.0,1939.0,728.0,"","","",""
"2020-03-23 21:00:00","Spain","Ceuta",6,7,0,0,0.0,0.0,0.0,"","","",""
"2020-03-23 21:00:00","Spain","Comunidad Valenciana",2167,42,161,115,917.0,266.0,37.0,"","","",""
"2020-03-23 21:00:00","Spain","Extremadura",636,58,20,26,161.0,143.0,8.0,"","","",""
"2020-03-23 21:00:00","Spain","Galicia",1415,51,55,20,338.0,207.0,19.0,"","","",""
"2020-03-23 21:00:00","Spain","Madrid",12352,173,1050,1535,10443.0,1777.0,2291.0,"","","",""
"2020-03-23 21:00:00","Spain","Melilla",28,32,1,0,12.0,0.0,0.0,"","","",""
"2020-03-23 21:00:00","Spain","Murcia",385,25,26,3,99.0,40.0,1.0,"","","",""
"2020-03-23 21:00:00","Spain","Navarra",1014,153,45,31,405.0,128.0,11.0,"","","",""
"2020-03-23 21:00:00","Spain","País Vasco",2728,114,106,133,1425.0,307.0,344.0,"","","",""
"2020-03-23 21:00:00","Spain","La Rioja",802,207,24,30,206.0,55.0,24.0,"","","",""
"2020-03-24 21:00:00","Spain","Andalucía",3010,34,116,113,1433.0,539.0,71.0,"","","",""
"2020-03-24 21:00:00","Spain","Aragón",907,65,75,40,459.0,149.0,4.0,"","","",""
"2020-03-24 21:00:00","Spain","Asturias",779,73,29,25,263.0,117.0,35.0,"","","",""
"2020-03-24 21:00:00","Spain","Baleares",562,45,40,13,164.0,84.0,28.0,"","","",""
"2020-03-24 21:00:00","Spain","Canarias",657,27,43,21,235.0,100.0,15.0,"","","",""
"2020-03-24 21:00:00","Spain","Cantabria",510,85,18,14,241.0,85.0,12.0,"","","",""
"2020-03-24 21:00:00","Spain","Castilla La Mancha",2780,132,210,263,2162.0,315.0,71.0,"","","",""
"2020-03-24 21:00:00","Spain","Castilla y León",2940,119,170,165,1244.0,480.0,213.0,"","","",""
"2020-03-24 21:00:00","Spain","Cataluña",9937,128,781,516,5434.0,2073.0,1274.0,"","","",""
"2020-03-24 21:00:00","Spain","Ceuta",9,10,1,0,2.0,3.0,0.0,"","","",""
"2020-03-24 21:00:00","Spain","Comunidad Valenciana",2616,51,198,143,1071.0,449.0,44.0,"","","",""
"2020-03-24 21:00:00","Spain","Extremadura",742,68,28,39,209.0,106.0,8.0,"","","",""
"2020-03-24 21:00:00","Spain","Galicia",1653,59,69,27,412.0,238.0,25.0,"","","",""
"2020-03-24 21:00:00","Spain","Madrid",14597,203,1150,1825,11152.0,2245.0,3031.0,"","","",""
"2020-03-24 21:00:00","Spain","Melilla",38,45,2,0,14.0,10.0,0.0,"","","",""
"2020-03-24 21:00:00","Spain","Murcia",477,31,33,5,127.0,92.0,4.0,"","","",""
"2020-03-24 21:00:00","Spain","Navarra",1197,176,51,33,506.0,183.0,23.0,"","","",""
"2020-03-24 21:00:00","Spain","País Vasco",3271,139,119,155,1577.0,543.0,466.0,"","","",""
"2020-03-24 21:00:00","Spain","La Rioja",928,238,33,37,254.0,126.0,43.0,"","","",""
"2020-03-25 21:00:00","Spain","Andalucía",3406,38,134,134,1626.0,396.0,77.0,"","","",""
"2020-03-25 21:00:00","Spain","Aragón",1115,79,93,48,562.0,209.0,4.0,"","","",""
"2020-03-25 21:00:00","Spain","Asturias",841,77,34,27,300.0,62.0,40.0,"","","",""
"2020-03-25 21:00:00","Spain","Baleares",660,53,43,17,205.0,98.0,39.0,"","","",""
"2020-03-25 21:00:00","Spain","Canarias",784,33,45,24,279.0,127.0,18.0,"","","",""
"2020-03-25 21:00:00","Spain","Cantabria",671,112,26,17,300.0,161.0,14.0,"","","",""
"2020-03-25 21:00:00","Spain","Castilla La Mancha",3383,160,243,316,2162.0,603.0,95.0,"","","",""
"2020-03-25 21:00:00","Spain","Castilla y León",3488,141,202,206,1515.0,548.0,308.0,"","","",""
"2020-03-25 21:00:00","Spain","Cataluña",11592,148,1020,672,7439.0,1655.0,1696.0,"","","",""
"2020-03-25 21:00:00","Spain","Ceuta",10,11,2,0,2.0,1.0,0.0,"","","",""
"2020-03-25 21:00:00","Spain","Comunidad Valenciana",3200,62,230,167,1278.0,584.0,57.0,"","","",""
"2020-03-25 21:00:00","Spain","Extremadura",969,89,34,58,241.0,227.0,24.0,"","","",""
"2020-03-25 21:00:00","Spain","Galicia",1915,69,86,32,503.0,262.0,47.0,"","","",""
"2020-03-25 21:00:00","Spain","Madrid",17166,236,1220,2090,12440.0,2569.0,3881.0,"","","",""
"2020-03-25 21:00:00","Spain","Melilla",39,46,2,1,16.0,1.0,0.0,"","","",""
"2020-03-25 21:00:00","Spain","Murcia",596,38,36,8,172.0,119.0,9.0,"","","",""
"2020-03-25 21:00:00","Spain","Navarra",1411,205,54,49,649.0,214.0,35.0,"","","",""
"2020-03-25 21:00:00","Spain","País Vasco",3946,164,137,180,1906.0,675.0,621.0,"","","",""
"2020-03-25 21:00:00","Spain","La Rioja",995,251,36,43,316.0,67.0,48.0,"","","",""
"2020-03-26 21:00:00","Spain","Andalucía",3793,42,148,144,1843.0,387.0,92.0,"","","",""
"2020-03-26 21:00:00","Spain","Aragón",1338,95,114,58,693.0,222.0,8.0,"","","",""
"2020-03-26 21:00:00","Spain","Asturias",900,81,47,29,339.0,59.0,52.0,"","","",""
"2020-03-26 21:00:00","Spain","Baleares",755,63,46,22,237.0,95.0,67.0,"","","",""
"2020-03-26 21:00:00","Spain","Canarias",878,37,61,27,328.0,94.0,20.0,"","","",""
"2020-03-26 21:00:00","Spain","Cantabria",810,134,29,21,355.0,139.0,19.0,"","","",""
"2020-03-26 21:00:00","Spain","Castilla La Mancha",3933,183,273,367,2707.0,551.0,153.0,"","","",""
"2020-03-26 21:00:00","Spain","Castilla y León",4132,165,228,252,1791.0,644.0,423.0,"","","",""
"2020-03-26 21:00:00","Spain","Cataluña",12940,164,1187,880,8545.0,1348.0,2348.0,"","","",""
"2020-03-26 21:00:00","Spain","Ceuta",17,20,2,0,2.0,7.0,0.0,"","","",""
"2020-03-26 21:00:00","Spain","Comunidad Valenciana",3532,68,252,198,1422.0,332.0,73.0,"","","",""
"2020-03-26 21:00:00","Spain","Extremadura",1230,111,41,69,277.0,262.0,33.0,"","","",""
"2020-03-26 21:00:00","Spain","Galicia",2322,82,98,43,557.0,407.0,67.0,"","","",""
"2020-03-26 21:00:00","Spain","Madrid",19243,258,1311,2412,13580.0,2077.0,5044.0,"","","",""
"2020-03-26 21:00:00","Spain","Melilla",42,46,2,1,18.0,3.0,0.0,"","","",""
"2020-03-26 21:00:00","Spain","Murcia",714,45,53,15,209.0,118.0,12.0,"","","",""
"2020-03-26 21:00:00","Spain","Navarra",1641,230,75,58,732.0,230.0,70.0,"","","",""
"2020-03-26 21:00:00","Spain","País Vasco",4601,189,154,207,2270.0,655.0,814.0,"","","",""
"2020-03-26 21:00:00","Spain","La Rioja",1236,313,43,55,388.0,241.0,62.0,"","","",""
"2020-03-27 21:00:00","Spain","Andalucía",4277,47,172,175,2106.0,484.0,139.0,"","","",""
"2020-03-27 21:00:00","Spain","Aragón",1591,111,124,58,835.0,254.0,8.0,"","","",""
"2020-03-27 21:00:00","Spain","Asturias",1004,89,50,33,408.0,104.0,65.0,"","","",""
"2020-03-27 21:00:00","Spain","Baleares",862,72,59,26,283.0,107.0,80.0,"","","",""
"2020-03-27 21:00:00","Spain","Canarias",1025,43,68,36,377.0,147.0,25.0,"","","",""
"2020-03-27 21:00:00","Spain","Cantabria",937,155,37,22,406.0,127.0,21.0,"","","",""
"2020-03-27 21:00:00","Spain","Castilla La Mancha",4512,207,289,448,2977.0,578.0,197.0,"","","",""
"2020-03-27 21:00:00","Spain","Castilla y León",4791,190,249,321,2063.0,659.0,585.0,"","","",""
"2020-03-27 21:00:00","Spain","Cataluña",14263,179,1324,1070,9900.0,1323.0,3106.0,"","","",""
"2020-03-27 21:00:00","Spain","Ceuta",17,20,2,1,2.0,0.0,0.0,"","","",""
"2020-03-27 21:00:00","Spain","Comunidad Valenciana",4034,78,282,234,1694.0,502.0,92.0,"","","",""
"2020-03-27 21:00:00","Spain","Extremadura",1394,124,40,88,312.0,163.0,49.0,"","","",""
"2020-03-27 21:00:00","Spain","Galicia",2772,98,112,47,906.0,450.0,95.0,"","","",""
"2020-03-27 21:00:00","Spain","Madrid",21520,278,1404,2756,14210.0,2276.0,6326.0,"","","",""
"2020-03-27 21:00:00","Spain","Melilla",45,48,2,1,22.0,3.0,0.0,"","","",""
"2020-03-27 21:00:00","Spain","Murcia",802,50,58,17,231.0,88.0,12.0,"","","",""
"2020-03-27 21:00:00","Spain","Navarra",1829,257,84,70,827.0,188.0,98.0,"","","",""
"2020-03-27 21:00:00","Spain","País Vasco",5136,209,176,221,2612.0,535.0,1022.0,"","","",""
"2020-03-27 21:00:00","Spain","La Rioja",1436,365,43,65,458.0,200.0,364.0,"","","",""
"2020-03-28 21:00:00","Spain","Andalucía",4682,50,201,207,2294.0,405.0,148.0,"","","",""
"2020-03-28 21:00:00","Spain","Aragón",1858,129,124,93,835.0,266.0,8.0,"","","",""
"2020-03-28 21:00:00","Spain","Asturias",1088,92,57,41,466.0,84.0,76.0,"","","",""
"2020-03-28 21:00:00","Spain","Baleares",958,79,71,29,345.0,96.0,82.0,"","","",""
"2020-03-28 21:00:00","Spain","Canarias",1125,47,78,39,425.0,100.0,30.0,"","","",""
"2020-03-28 21:00:00","Spain","Cantabria",1023,167,40,26,449.0,86.0,25.0,"","","",""
"2020-03-28 21:00:00","Spain","Castilla La Mancha",5246,238,299,539,3018.0,734.0,236.0,"","","",""
"2020-03-28 21:00:00","Spain","Castilla y León",5414,213,278,380,2408.0,623.0,752.0,"","","",""
"2020-03-28 21:00:00","Spain","Cataluña",15026,186,1391,1226,10687.0,763.0,3455.0,"","","",""
"2020-03-28 21:00:00","Spain","Ceuta",21,23,2,1,2.0,4.0,0.0,"","","",""
"2020-03-28 21:00:00","Spain","Comunidad Valenciana",4784,87,309,267,1874.0,750.0,161.0,"","","",""
"2020-03-28 21:00:00","Spain","Extremadura",1456,127,41,100,313.0,62.0,51.0,"","","",""
"2020-03-28 21:00:00","Spain","Galicia",3139,109,123,60,1043.0,367.0,153.0,"","","",""
"2020-03-28 21:00:00","Spain","Madrid",22677,287,1429,3082,14454.0,1157.0,7491.0,"","","",""
"2020-03-28 21:00:00","Spain","Melilla",48,46,2,1,24.0,3.0,0.0,"","","",""
"2020-03-28 21:00:00","Spain","Murcia",872,53,58,20,260.0,70.0,16.0,"","","",""
"2020-03-28 21:00:00","Spain","Navarra",2011,279,90,84,896.0,182.0,125.0,"","","",""
"2020-03-28 21:00:00","Spain","País Vasco",5740,231,271,265,3106.0,604.0,1503.0,"","","",""
"2020-03-28 21:00:00","Spain","La Rioja",1629,419,43,68,497.0,193.0,397.0,"","","",""
"2020-03-29 21:00:00","Spain","Andalucía",5405,57,216,236,2671.0,723.0,155.0,"","","",""
"2020-03-29 21:00:00","Spain","Aragón",2078,144,156,106,1094.0,220.0,174.0,"","","",""
"2020-03-29 21:00:00","Spain","Asturias",1158,95,60,49,479.0,70.0,78.0,"","","",""
"2020-03-29 21:00:00","Spain","Baleares",1000,80,80,37,353.0,42.0,100.0,"","","",""
"2020-03-29 21:00:00","Spain","Canarias",1204,50,84,40,444.0,79.0,32.0,"","","",""
"2020-03-29 21:00:00","Spain","Cantabria",1100,179,46,27,481.0,77.0,24.0,"","","",""
"2020-03-29 21:00:00","Spain","Castilla La Mancha",5858,260,302,622,3134.0,612.0,252.0,"","","",""
"2020-03-29 21:00:00","Spain","Castilla y León",5801,227,307,442,2540.0,387.0,871.0,"","","",""
"2020-03-29 21:00:00","Spain","Cataluña",16157,198,1511,1410,11769.0,1131.0,4125.0,"","","",""
"2020-03-29 21:00:00","Spain","Ceuta",25,28,2,1,2.0,4.0,0.0,"","","",""
"2020-03-29 21:00:00","Spain","Comunidad Valenciana",5110,93,336,310,2041.0,326.0,185.0,"","","",""
"2020-03-29 21:00:00","Spain","Extremadura",1560,135,43,106,353.0,104.0,60.0,"","","",""
"2020-03-29 21:00:00","Spain","Galicia",3723,128,134,66,1147.0,584.0,168.0,"","","",""
"2020-03-29 21:00:00","Spain","Madrid",24090,299,1460,3392,14917.0,1413.0,8301.0,"","","",""
"2020-03-29 21:00:00","Spain","Melilla",51,49,3,1,27.0,3.0,0.0,"","","",""
"2020-03-29 21:00:00","Spain","Murcia",939,57,58,25,265.0,67.0,17.0,"","","",""
"2020-03-29 21:00:00","Spain","Navarra",2146,286,96,102,955.0,135.0,161.0,"","","",""
"2020-03-29 21:00:00","Spain","País Vasco",6057,245,293,297,3427.0,317.0,1646.0,"","","",""
"2020-03-29 21:00:00","Spain","La Rioja",1733,448,43,71,517.0,104.0,431.0,"","","",""
"2020-03-30 21:00:00","Spain","Andalucía",5818,61,235,248,2867.0,413.0,160.0,"","","",""
"2020-03-30 21:00:00","Spain","Aragón",2272,156,165,138,1176.0,194.0,204.0,"","","",""
"2020-03-30 21:00:00","Spain","Asturias",1236,101,65,55,529.0,78.0,90.0,"","","",""
"2020-03-30 21:00:00","Spain","Baleares",1069,85,85,42,399.0,69.0,111.0,"","","",""
"2020-03-30 21:00:00","Spain","Canarias",1262,51,94,55,483.0,58.0,57.0,"","","",""
"2020-03-30 21:00:00","Spain","Cantabria",1171,191,50,37,522.0,71.0,35.0,"","","",""
"2020-03-30 21:00:00","Spain","Castilla La Mancha",6423,288,344,708,3225.0,566.0,296.0,"","","",""
"2020-03-30 21:00:00","Spain","Castilla y León",6211,240,325,516,2601.0,410.0,1028.0,"","","",""
"2020-03-30 21:00:00","Spain","Cataluña",18773,226,1652,1672,12974.0,2616.0,4966.0,"","","",""
"2020-03-30 21:00:00","Spain","Ceuta",34,38,3,1,3.0,9.0,0.0,"","","",""
"2020-03-30 21:00:00","Spain","Comunidad Valenciana",5507,99,356,339,2189.0,398.0,200.0,"","","",""
"2020-03-30 21:00:00","Spain","Extremadura",1628,138,51,133,371.0,68.0,91.0,"","","",""
"2020-03-30 21:00:00","Spain","Galicia",4038,138,149,84,1250.0,316.0,187.0,"","","",""
"2020-03-30 21:00:00","Spain","Madrid",27509,339,1514,3603,15140.0,3418.0,9330.0,"","","",""
"2020-03-30 21:00:00","Spain","Melilla",54,42,3,1,27.0,3.0,0.0,"","","",""
"2020-03-30 21:00:00","Spain","Murcia",974,58,59,34,283.0,35.0,20.0,"","","",""
"2020-03-30 21:00:00","Spain","Navarra",2305,304,99,113,1035.0,159.0,192.0,"","","",""
"2020-03-30 21:00:00","Spain","País Vasco",6320,251,307,325,3594.0,263.0,1796.0,"","","",""
"2020-03-30 21:00:00","Spain","La Rioja",1810,459,51,85,575.0,77.0,496.0,"","","",""
"2020-03-31 21:00:00","Spain","Andalucía",6392,65,260,308,3147.0,574.0,182.0,"","","",""
"2020-03-31 21:00:00","Spain","Aragón",2491,171,168,169,1234.0,219.0,257.0,"","","",""
"2020-03-31 21:00:00","Spain","Asturias",1321,105,76,63,590.0,86.0,109.0,"","","",""
"2020-03-31 21:00:00","Spain","Baleares",1131,88,95,46,468.0,62.0,170.0,"","","",""
"2020-03-31 21:00:00","Spain","Canarias",1380,55,110,62,532.0,118.0,77.0,"","","",""
"2020-03-31 21:00:00","Spain","Cantabria",1213,197,54,54,543.0,42.0,43.0,"","","",""
"2020-03-31 21:00:00","Spain","Castilla La Mancha",7047,313,353,774,3230.0,623.0,397.0,"","","",""
"2020-03-31 21:00:00","Spain","Castilla y León",6847,257,345,585,2691.0,636.0,1259.0,"","","",""
"2020-03-31 21:00:00","Spain","Cataluña",19991,236,1769,1849,13969.0,1218.0,5701.0,"","","",""
"2020-03-31 21:00:00","Spain","Ceuta",51,58,3,1,6.0,17.0,0.0,"","","",""
"2020-03-31 21:00:00","Spain","Comunidad Valenciana",5922,103,365,395,2189.0,414.0,240.0,"","","",""
"2020-03-31 21:00:00","Spain","Extremadura",1679,139,58,152,372.0,51.0,113.0,"","","",""
"2020-03-31 21:00:00","Spain","Galicia",4431,151,158,103,1338.0,393.0,259.0,"","","",""
"2020-03-31 21:00:00","Spain","Madrid",29840,363,1514,3865,15227.0,2331.0,10827.0,"","","",""
"2020-03-31 21:00:00","Spain","Melilla",62,48,3,1,32.0,8.0,0.0,"","","",""
"2020-03-31 21:00:00","Spain","Murcia",1041,61,59,37,304.0,67.0,43.0,"","","",""
"2020-03-31 21:00:00","Spain","Navarra",2497,322,104,130,1120.0,192.0,236.0,"","","",""
"2020-03-31 21:00:00","Spain","País Vasco",6837,265,324,369,3806.0,518.0,2165.0,"","","",""
"2020-03-31 21:00:00","Spain","La Rioja",1960,486,54,90,619.0,150.0,569.0,"","","",""
"2020-04-01 21:00:00","Spain","Andalucía",6972,70,280,343,3444.0,580.0,228.0,"","","",""
"2020-04-01 21:00:00","Spain","Aragón",2700,183,178,200,1320.0,209.0,320.0,"","","",""
"2020-04-01 21:00:00","Spain","Asturias",1384,106,79,69,640.0,62.0,135.0,"","","",""
"2020-04-01 21:00:00","Spain","Baleares",1204,90,105,58,517.0,73.0,239.0,"","","",""
"2020-04-01 21:00:00","Spain","Canarias",1444,56,113,68,566.0,64.0,94.0,"","","",""
"2020-04-01 21:00:00","Spain","Cantabria",1268,203,57,60,567.0,55.0,60.0,"","","",""
"2020-04-01 21:00:00","Spain","Castilla La Mancha",7682,338,355,854,3230.0,635.0,494.0,"","","",""
"2020-04-01 21:00:00","Spain","Castilla y León",7355,270,353,641,2708.0,508.0,1498.0,"","","",""
"2020-04-01 21:00:00","Spain","Cataluña",21804,248,1855,2093,15489.0,1813.0,6917.0,"","","",""
"2020-04-01 21:00:00","Spain","Ceuta",55,63,3,1,7.0,4.0,0.0,"","","",""
"2020-04-01 21:00:00","Spain","Comunidad Valenciana",6308,107,379,443,2189.0,386.0,432.0,"","","",""
"2020-04-01 21:00:00","Spain","Extremadura",1837,149,62,181,412.0,158.0,139.0,"","","",""
"2020-04-01 21:00:00","Spain","Galicia",4842,162,165,120,1446.0,410.0,333.0,"","","",""
"2020-04-01 21:00:00","Spain","Madrid",32155,380,1528,4175,15227.0,2315.0,12400.0,"","","",""
"2020-04-01 21:00:00","Spain","Melilla",62,45,3,1,32.0,0.0,0.0,"","","",""
"2020-04-01 21:00:00","Spain","Murcia",1084,61,68,42,389.0,43.0,45.0,"","","",""
"2020-04-01 21:00:00","Spain","Navarra",2682,336,108,141,1181.0,185.0,278.0,"","","",""
"2020-04-01 21:00:00","Spain","País Vasco",7317,277,344,412,4086.0,479.0,2490.0,"","","",""
"2020-04-01 21:00:00","Spain","La Rioja",2083,509,57,101,660.0,123.0,641.0,"","","",""
"2020-04-02 21:00:00","Spain","Andalucía",7374,72,338,376,3673.0,402.0,258.0,"","","",""
"2020-04-02 21:00:00","Spain","Aragón",2889,191,180,224,1431.0,189.0,378.0,"","","",""
"2020-04-02 21:00:00","Spain","Asturias",1433,106,86,70,702.0,49.0,154.0,"","","",""
"2020-04-02 21:00:00","Spain","Baleares",1257,91,112,69,587.0,53.0,375.0,"","","",""
"2020-04-02 21:00:00","Spain","Canarias",1490,55,120,73,605.0,46.0,102.0,"","","",""
"2020-04-02 21:00:00","Spain","Cantabria",1321,202,59,64,592.0,53.0,74.0,"","","",""
"2020-04-02 21:00:00","Spain","Castilla La Mancha",8523,367,355,916,3168.0,841.0,579.0,"","","",""
"2020-04-02 21:00:00","Spain","Castilla y León",7875,280,355,723,2711.0,520.0,1759.0,"","","",""
"2020-04-02 21:00:00","Spain","Cataluña",23460,263,2053,2335,17257.0,1656.0,7849.0,"","","",""
"2020-04-02 21:00:00","Spain","Ceuta",62,67,3,1,8.0,7.0,2.0,"","","",""
"2020-04-02 21:00:00","Spain","Comunidad Valenciana",6624,110,386,511,2064.0,316.0,592.0,"","","",""
"2020-04-02 21:00:00","Spain","Extremadura",1893,149,64,200,415.0,56.0,164.0,"","","",""
"2020-04-02 21:00:00","Spain","Galicia",5218,171,178,138,1630.0,377.0,435.0,"","","",""
"2020-04-02 21:00:00","Spain","Madrid",34188,405,1506,4483,15050.0,2033.0,13850.0,"","","",""
"2020-04-02 21:00:00","Spain","Melilla",70,53,3,2,34.0,8.0,4.0,"","","",""
"2020-04-02 21:00:00","Spain","Murcia",1145,62,72,46,405.0,61.0,90.0,"","","",""
"2020-04-02 21:00:00","Spain","Navarra",2836,348,119,151,1284.0,154.0,294.0,"","","",""
"2020-04-02 21:00:00","Spain","País Vasco",7827,288,363,444,4283.0,510.0,2808.0,"","","",""
"2020-04-02 21:00:00","Spain","La Rioja",2224,545,64,109,738.0,141.0,745.0,"","","",""
"2020-04-03 21:00:00","Spain","Andalucía",7869,75,364,426,3896.0,495.0,463.0,"","","",""
"2020-04-03 21:00:00","Spain","Aragón",3078,201,190,251,1505.0,189.0,440.0,"","","",""
"2020-04-03 21:00:00","Spain","Asturias",1521,101,87,76,766.0,89.0,190.0,"","","",""
"2020-04-03 21:00:00","Spain","Baleares",1271,89,114,71,634.0,14.0,422.0,"","","",""
"2020-04-03 21:00:00","Spain","Canarias",1564,56,128,78,632.0,74.0,123.0,"","","",""
"2020-04-03 21:00:00","Spain","Cantabria",1384,201,60,68,619.0,63.0,99.0,"","","",""
"2020-04-03 21:00:00","Spain","Castilla La Mancha",9324,388,360,989,3133.0,801.0,657.0,"","","",""
"2020-04-03 21:00:00","Spain","Castilla y León",8332,286,348,786,2663.0,457.0,2021.0,"","","",""
"2020-04-03 21:00:00","Spain","Cataluña",24734,267,2108,2508,17678.0,1274.0,8635.0,"","","",""
"2020-04-03 21:00:00","Spain","Ceuta",73,80,4,1,8.0,11.0,2.0,"","","",""
"2020-04-03 21:00:00","Spain","Comunidad Valenciana",6901,110,386,571,1976.0,277.0,695.0,"","","",""
"2020-04-03 21:00:00","Spain","Extremadura",1979,152,64,208,453.0,86.0,205.0,"","","",""
"2020-04-03 21:00:00","Spain","Galicia",5625,181,178,159,1767.0,406.0,531.0,"","","",""
"2020-04-03 21:00:00","Spain","Madrid",36249,410,1498,4723,14741.0,2061.0,15362.0,"","","",""
"2020-04-03 21:00:00","Spain","Melilla",79,62,3,2,37.0,9.0,9.0,"","","",""
"2020-04-03 21:00:00","Spain","Murcia",1188,63,79,51,434.0,43.0,113.0,"","","",""
"2020-04-03 21:00:00","Spain","Navarra",2972,352,120,171,1341.0,136.0,311.0,"","","",""
"2020-04-03 21:00:00","Spain","País Vasco",8187,292,377,477,4522.0,360.0,3098.0,"","","",""
"2020-04-03 21:00:00","Spain","La Rioja",2405,581,64,128,805.0,181.0,843.0,"","","",""
"2020-04-04 21:00:00","Spain","Andalucía",8301,78,474,470,4107.0,432.0,665.0,"","","",""
"2020-04-04 21:00:00","Spain","Aragón",3231,204,233,270,1588.0,154.0,537.0,"","","",""
"2020-04-04 21:00:00","Spain","Asturias",1605,103,90,80,808.0,83.0,216.0,"","","",""
"2020-04-04 21:00:00","Spain","Baleares",1293,83,120,75,664.0,22.0,461.0,"","","",""
"2020-04-04 21:00:00","Spain","Canarias",1622,56,129,80,644.0,58.0,137.0,"","","",""
"2020-04-04 21:00:00","Spain","Cantabria",1440,199,62,68,639.0,57.0,113.0,"","","",""
"2020-04-04 21:00:00","Spain","Castilla La Mancha",10031,403,357,1055,2950.0,707.0,1149.0,"","","",""
"2020-04-04 21:00:00","Spain","Castilla y León",8749,291,351,847,2574.0,417.0,2331.0,"","","",""
"2020-04-04 21:00:00","Spain","Cataluña",26031,277,2249,2637,18656.0,1298.0,9527.0,"","","",""
"2020-04-04 21:00:00","Spain","Ceuta",83,92,4,2,9.0,10.0,2.0,"","","",""
"2020-04-04 21:00:00","Spain","Comunidad Valenciana",7184,111,381,613,1901.0,283.0,812.0,"","","",""
"2020-04-04 21:00:00","Spain","Extremadura",2046,155,66,218,417.0,68.0,215.0,"","","",""
"2020-04-04 21:00:00","Spain","Galicia",5944,186,170,174,1831.0,319.0,587.0,"","","",""
"2020-04-04 21:00:00","Spain","Madrid",37584,418,1499,4941,14550.0,1335.0,16543.0,"","","",""
"2020-04-04 21:00:00","Spain","Melilla",83,67,3,2,38.0,4.0,11.0,"","","",""
"2020-04-04 21:00:00","Spain","Murcia",1235,62,80,59,447.0,47.0,130.0,"","","",""
"2020-04-04 21:00:00","Spain","Navarra",3073,348,123,178,1399.0,101.0,334.0,"","","",""
"2020-04-04 21:00:00","Spain","País Vasco",8628,295,404,515,4666.0,441.0,3405.0,"","","",""
"2020-04-04 21:00:00","Spain","La Rioja",2592,611,66,134,855.0,187.0,904.0,"","","",""
"2020-04-05 21:00:00","Spain","Andalucía",8581,78,489,491,4227.0,280.0,798.0,"","","",""
"2020-04-05 21:00:00","Spain","Aragón",3347,205,237,284,1636.0,115.0,565.0,"","","",""
"2020-04-05 21:00:00","Spain","Asturias",1646,102,90,86,846.0,41.0,222.0,"","","",""
"2020-04-05 21:00:00","Spain","Baleares",1320,80,121,81,683.0,27.0,531.0,"","","",""
"2020-04-05 21:00:00","Spain","Canarias",1649,54,133,85,651.0,27.0,157.0,"","","",""
"2020-04-05 21:00:00","Spain","Cantabria",1483,195,65,77,658.0,42.0,118.0,"","","",""
"2020-04-05 21:00:00","Spain","Castilla La Mancha",10602,419,354,1132,2901.0,571.0,1259.0,"","","",""
"2020-04-05 21:00:00","Spain","Castilla y León",9116,294,348,919,2508.0,367.0,2533.0,"","","",""
"2020-04-05 21:00:00","Spain","Cataluña",26824,272,2276,2760,19143.0,792.0,10088.0,"","","",""
"2020-04-05 21:00:00","Spain","Ceuta",83,90,4,3,9.0,0.0,2.0,"","","",""
"2020-04-05 21:00:00","Spain","Comunidad Valenciana",7334,108,384,637,1909.0,150.0,930.0,"","","",""
"2020-04-05 21:00:00","Spain","Extremadura",2068,147,66,228,453.0,21.0,223.0,"","","",""
"2020-04-05 21:00:00","Spain","Galicia",6151,183,170,190,1916.0,207.0,610.0,"","","",""
"2020-04-05 21:00:00","Spain","Madrid",38723,422,1510,5136,14501.0,1139.0,17322.0,"","","",""
"2020-04-05 21:00:00","Spain","Melilla",86,67,3,2,38.0,3.0,11.0,"","","",""
"2020-04-05 21:00:00","Spain","Murcia",1259,61,81,68,468.0,24.0,156.0,"","","",""
"2020-04-05 21:00:00","Spain","Navarra",3231,358,124,187,1432.0,158.0,380.0,"","","",""
"2020-04-05 21:00:00","Spain","País Vasco",8810,289,410,548,4794.0,182.0,3568.0,"","","",""
"2020-04-05 21:00:00","Spain","La Rioja",2719,622,66,141,888.0,127.0,964.0,"","","",""
"2020-04-06 21:00:00","Spain","Andalucía",8767,74,499,528,4335.0,186.0,900.0,"","","",""
"2020-04-06 21:00:00","Spain","Aragón",3449,203,247,312,1663.0,102.0,578.0,"","","",""
"2020-04-06 21:00:00","Spain","Asturias",1679,99,91,96,889.0,33.0,244.0,"","","",""
"2020-04-06 21:00:00","Spain","Baleares",1369,77,124,84,705.0,49.0,537.0,"","","",""
"2020-04-06 21:00:00","Spain","Canarias",1725,54,137,89,689.0,76.0,186.0,"","","",""
"2020-04-06 21:00:00","Spain","Cantabria",1501,185,66,85,677.0,18.0,129.0,"","","",""
"2020-04-06 21:00:00","Spain","Castilla La Mancha",11077,423,360,1177,2908.0,475.0,1353.0,"","","",""
"2020-04-06 21:00:00","Spain","Castilla y León",9581,296,346,982,5180.0,465.0,2711.0,"","","",""
"2020-04-06 21:00:00","Spain","Cataluña",28323,266,2391,2908,19745.0,1499.0,10738.0,"","","",""
"2020-04-06 21:00:00","Spain","Ceuta",83,90,4,4,9.0,0.0,2.0,"","","",""
"2020-04-06 21:00:00","Spain","Comunidad Valenciana",7443,105,384,672,1886.0,109.0,1103.0,"","","",""
"2020-04-06 21:00:00","Spain","Extremadura",2116,138,70,258,686.0,48.0,282.0,"","","",""
"2020-04-06 21:00:00","Spain","Galicia",6331,182,162,204,1968.0,180.0,688.0,"","","",""
"2020-04-06 21:00:00","Spain","Madrid",40469,421,1494,5371,13950.0,1746.0,18410.0,"","","",""
"2020-04-06 21:00:00","Spain","Melilla",92,74,3,2,40.0,6.0,11.0,"","","",""
"2020-04-06 21:00:00","Spain","Murcia",1283,60,84,78,500.0,24.0,193.0,"","","",""
"2020-04-06 21:00:00","Spain","Navarra",3355,357,124,202,1488.0,124.0,421.0,"","","",""
"2020-04-06 21:00:00","Spain","País Vasco",9021,285,417,586,4856.0,211.0,3728.0,"","","",""
"2020-04-06 21:00:00","Spain","La Rioja",2846,645,66,160,918.0,127.0,994.0,"","","",""
"2020-04-07 21:00:00","Spain","Andalucía",8997,71,520,605,4463.0,230.0,1041.0,"","","",""
"2020-04-07 21:00:00","Spain","Aragón",3549,200,255,349,1716.0,100.0,659.0,"","","",""
"2020-04-07 21:00:00","Spain","Asturias",1705,90,91,102,958.0,26.0,294.0,"","","",""
"2020-04-07 21:00:00","Spain","Baleares",1412,73,129,89,731.0,43.0,616.0,"","","",""
"2020-04-07 21:00:00","Spain","Canarias",1761,51,138,91,703.0,37.0,249.0,"","","",""
"2020-04-07 21:00:00","Spain","Cantabria",1571,182,69,92,700.0,71.0,175.0,"","","",""
"2020-04-07 21:00:00","Spain","Castilla La Mancha",11788,443,354,1255,2731.0,711.0,1557.0,"","","",""
"2020-04-07 21:00:00","Spain","Castilla y León",10058,296,342,1028,5322.0,477.0,2988.0,"","","",""
"2020-04-07 21:00:00","Spain","Cataluña",29647,256,2441,3041,20250.0,1324.0,12250.0,"","","",""
"2020-04-07 21:00:00","Spain","Ceuta",84,88,4,4,9.0,1.0,7.0,"","","",""
"2020-04-07 21:00:00","Spain","Comunidad Valenciana",7655,100,371,724,1714.0,212.0,1344.0,"","","",""
"2020-04-07 21:00:00","Spain","Extremadura",2184,135,98,271,898.0,68.0,328.0,"","","",""
"2020-04-07 21:00:00","Spain","Galicia",6537,180,158,213,2014.0,207.0,800.0,"","","",""
"2020-04-07 21:00:00","Spain","Madrid",42450,418,1450,5586,13289.0,1980.0,19836.0,"","","",""
"2020-04-07 21:00:00","Spain","Melilla",93,63,3,2,40.0,1.0,12.0,"","","",""
"2020-04-07 21:00:00","Spain","Murcia",1325,56,86,85,515.0,43.0,203.0,"","","",""
"2020-04-07 21:00:00","Spain","Navarra",3467,346,124,206,1526.0,112.0,450.0,"","","",""
"2020-04-07 21:00:00","Spain","País Vasco",9452,279,430,635,4982.0,431.0,4151.0,"","","",""
"2020-04-07 21:00:00","Spain","La Rioja",2951,638,68,177,955.0,105.0,1061.0,"","","",""
"2020-04-08 21:00:00","Spain","Andalucía",9261,69,538,652,4599.0,264.0,1193.0,"","","",""
"2020-04-08 21:00:00","Spain","Aragón",3685,194,261,385,1765.0,136.0,718.0,"","","",""
"2020-04-08 21:00:00","Spain","Asturias",1736,87,94,110,1018.0,32.0,340.0,"","","",""
"2020-04-08 21:00:00","Spain","Baleares",1448,68,132,89,751.0,36.0,696.0,"","","",""
"2020-04-08 21:00:00","Spain","Canarias",1834,48,140,92,730.0,72.0,359.0,"","","",""
"2020-04-08 21:00:00","Spain","Cantabria",1619,163,71,98,720.0,47.0,214.0,"","","",""
"2020-04-08 21:00:00","Spain","Castilla La Mancha",12489,447,342,1321,2575.0,701.0,1766.0,"","","",""
"2020-04-08 21:00:00","Spain","Castilla y León",10517,292,338,1082,5523.0,460.0,3242.0,"","","",""
"2020-04-08 21:00:00","Spain","Cataluña",31043,253,2506,3148,20943.0,1396.0,13062.0,"","","",""
"2020-04-08 21:00:00","Spain","Ceuta",84,87,4,4,9.0,0.0,7.0,"","","",""
"2020-04-08 21:00:00","Spain","Comunidad Valenciana",7963,95,541,767,3815.0,309.0,1771.0,"","","",""
"2020-04-08 21:00:00","Spain","Extremadura",2273,122,99,283,958.0,89.0,381.0,"","","",""
"2020-04-08 21:00:00","Spain","Galicia",6757,179,155,231,2094.0,220.0,910.0,"","","",""
"2020-04-08 21:00:00","Spain","Madrid",43876,400,1433,5800,12853.0,1426.0,21121.0,"","","",""
"2020-04-08 21:00:00","Spain","Melilla",93,62,3,2,40.0,0.0,16.0,"","","",""
"2020-04-08 21:00:00","Spain","Murcia",1355,50,87,88,533.0,30.0,219.0,"","","",""
"2020-04-08 21:00:00","Spain","Navarra",3575,330,124,214,1526.0,108.0,462.0,"","","",""
"2020-04-08 21:00:00","Spain","País Vasco",9806,265,433,689,5130.0,354.0,4513.0,"","","",""
"2020-04-08 21:00:00","Spain","La Rioja",3026,641,69,182,997.0,75.0,1172.0,"","","",""
"2020-04-09 21:00:00","Spain","Andalucía",9510,67,582,691,4715.0,249.0,1436.0,"","","",""
"2020-04-09 21:00:00","Spain","Aragón",3831,188,263,409,1821.0,146.0,797.0,"","","",""
"2020-04-09 21:00:00","Spain","Asturias",1799,87,100,121,1083.0,62.0,372.0,"","","",""
"2020-04-09 21:00:00","Spain","Baleares",1488,63,136,97,777.0,40.0,737.0,"","","",""
"2020-04-09 21:00:00","Spain","Canarias",1858,45,141,94,738.0,24.0,386.0,"","","",""
"2020-04-09 21:00:00","Spain","Cantabria",1659,146,73,102,747.0,40.0,265.0,"","","",""
"2020-04-09 21:00:00","Spain","Castilla La Mancha",13062,449,329,1431,2359.0,574.0,1982.0,"","","",""
"2020-04-09 21:00:00","Spain","Castilla y León",11102,290,332,1129,5673.0,584.0,3506.0,"","","",""
"2020-04-09 21:00:00","Spain","Cataluña",31824,246,2582,3231,21530.0,781.0,13513.0,"","","",""
"2020-04-09 21:00:00","Spain","Ceuta",91,87,4,4,9.0,7.0,12.0,"","","",""
"2020-04-09 21:00:00","Spain","Comunidad Valenciana",8331,95,561,796,3987.0,367.0,2085.0,"","","",""
"2020-04-09 21:00:00","Spain","Extremadura",2332,103,101,288,1002.0,59.0,397.0,"","","",""
"2020-04-09 21:00:00","Spain","Galicia",6946,171,151,243,2165.0,188.0,997.0,"","","",""
"2020-04-09 21:00:00","Spain","Madrid",44783,383,1399,5972,12432.0,906.0,22414.0,"","","",""
"2020-04-09 21:00:00","Spain","Melilla",95,61,3,2,41.0,2.0,17.0,"","","",""
"2020-04-09 21:00:00","Spain","Murcia",1383,44,88,90,533.0,27.0,255.0,"","","",""
"2020-04-09 21:00:00","Spain","Navarra",3748,322,124,218,1620.0,173.0,560.0,"","","",""
"2020-04-09 21:00:00","Spain","País Vasco",10103,249,442,729,5290.0,297.0,4680.0,"","","",""
"2020-04-09 21:00:00","Spain","La Rioja",3076,580,71,196,1047.0,50.0,1256.0,"","","",""
"2020-04-10 21:00:00","Spain","Andalucía",9712,64,602,737,4808.0,202.0,1630.0,"","","",""
"2020-04-10 21:00:00","Spain","Aragón",3969,180,266,425,1860.0,138.0,888.0,"","","",""
"2020-04-10 21:00:00","Spain","Asturias",1827,80,105,128,1147.0,28.0,414.0,"","","",""
"2020-04-10 21:00:00","Spain","Baleares",1507,56,137,102,778.0,19.0,757.0,"","","",""
"2020-04-10 21:00:00","Spain","Canarias",1886,40,144,95,745.0,29.0,432.0,"","","",""
"2020-04-10 21:00:00","Spain","Cantabria",1719,134,75,107,773.0,60.0,281.0,"","","",""
"2020-04-10 21:00:00","Spain","Castilla La Mancha",13456,439,316,1483,2198.0,393.0,2205.0,"","","",""
"2020-04-10 21:00:00","Spain","Castilla y León",11543,281,327,1180,5817.0,441.0,3756.0,"","","",""
"2020-04-10 21:00:00","Spain","Cataluña",32984,243,2628,3331,21921.0,1160.0,14258.0,"","","",""
"2020-04-10 21:00:00","Spain","Ceuta",93,89,4,4,9.0,2.0,17.0,"","","",""
"2020-04-10 21:00:00","Spain","Comunidad Valenciana",8578,90,565,818,4132.0,247.0,2289.0,"","","",""
"2020-04-10 21:00:00","Spain","Extremadura",2485,102,104,303,1052.0,154.0,462.0,"","","",""
"2020-04-10 21:00:00","Spain","Galicia",7176,163,144,261,2215.0,230.0,1082.0,"","","",""
"2020-04-10 21:00:00","Spain","Madrid",45849,365,1376,6084,11894.0,1065.0,23663.0,"","","",""
"2020-04-10 21:00:00","Spain","Melilla",98,61,3,2,43.0,3.0,18.0,"","","",""
"2020-04-10 21:00:00","Spain","Murcia",1413,40,88,94,533.0,30.0,275.0,"","","",""
"2020-04-10 21:00:00","Spain","Navarra",3816,303,124,227,1641.0,69.0,603.0,"","","",""
"2020-04-10 21:00:00","Spain","País Vasco",10515,243,453,765,5402.0,412.0,4741.0,"","","",""
"2020-04-10 21:00:00","Spain","La Rioja",3223,564,73,207,1082.0,147.0,1337.0,"","","",""
"2020-04-11 21:00:00","Spain","Andalucía",10006,63,619,799,4950.0,294.0,1838.0,"","","",""
"2020-04-11 21:00:00","Spain","Aragón",4070,167,272,450,1901.0,101.0,934.0,"","","",""
"2020-04-11 21:00:00","Spain","Asturias",1892,78,106,140,1208.0,65.0,430.0,"","","",""
"2020-04-11 21:00:00","Spain","Baleares",1534,50,142,112,805.0,27.0,848.0,"","","",""
"2020-04-11 21:00:00","Spain","Canarias",1918,36,144,95,758.0,31.0,447.0,"","","",""
"2020-04-11 21:00:00","Spain","Cantabria",1751,125,75,110,805.0,33.0,297.0,"","","",""
"2020-04-11 21:00:00","Spain","Castilla La Mancha",13698,415,316,1543,6837.0,242.0,2365.0,"","","",""
"2020-04-11 21:00:00","Spain","Castilla y León",12118,279,323,1220,5957.0,575.0,4010.0,"","","",""
"2020-04-11 21:00:00","Spain","Cataluña",34027,247,2658,3441,22369.0,1043.0,14975.0,"","","",""
"2020-04-11 21:00:00","Spain","Ceuta",93,84,4,4,9.0,0.0,17.0,"","","",""
"2020-04-11 21:00:00","Spain","Comunidad Valenciana",8841,81,567,838,4149.0,263.0,2623.0,"","","",""
"2020-04-11 21:00:00","Spain","Extremadura",2580,105,106,312,1074.0,94.0,481.0,"","","",""
"2020-04-11 21:00:00","Spain","Galicia",7336,155,140,274,2306.0,160.0,1143.0,"","","",""
"2020-04-11 21:00:00","Spain","Madrid",46586,358,1331,6278,11424.0,738.0,24683.0,"","","",""
"2020-04-11 21:00:00","Spain","Melilla",98,57,3,2,43.0,0.0,18.0,"","","",""
"2020-04-11 21:00:00","Spain","Murcia",1449,38,91,97,537.0,36.0,344.0,"","","",""
"2020-04-11 21:00:00","Spain","Navarra",3969,299,124,232,1663.0,152.0,650.0,"","","",""
"2020-04-11 21:00:00","Spain","País Vasco",10772,227,459,804,5547.0,257.0,4867.0,"","","",""
"2020-04-11 21:00:00","Spain","La Rioja",3279,520,73,219,1122.0,56.0,1420.0,"","","",""
"2020-04-12 21:00:00","Spain","Andalucía",10187,56,621,815,4993.0,181.0,1966.0,"","","",""
"2020-04-12 21:00:00","Spain","Aragón",4187,159,274,464,1938.0,117.0,946.0,"","","",""
"2020-04-12 21:00:00","Spain","Asturias",1958,78,110,149,1265.0,66.0,434.0,"","","",""
"2020-04-12 21:00:00","Spain","Baleares",1550,47,143,117,811.0,16.0,862.0,"","","",""
"2020-04-12 21:00:00","Spain","Canarias",1944,34,145,96,763.0,26.0,458.0,"","","",""
"2020-04-12 21:00:00","Spain","Cantabria",1777,116,75,117,827.0,25.0,317.0,"","","",""
"2020-04-12 21:00:00","Spain","Castilla La Mancha",14054,403,475,1626,7782.0,356.0,2532.0,"","","",""
"2020-04-12 21:00:00","Spain","Castilla y León",12628,284,312,1263,6077.0,510.0,4154.0,"","","",""
"2020-04-12 21:00:00","Spain","Cataluña",34726,241,2713,3538,22780.0,699.0,15602.0,"","","",""
"2020-04-12 21:00:00","Spain","Ceuta",95,82,4,4,9.0,2.0,20.0,"","","",""
"2020-04-12 21:00:00","Spain","Comunidad Valenciana",9060,78,576,876,4269.0,219.0,2803.0,"","","",""
"2020-04-12 21:00:00","Spain","Extremadura",2658,102,108,321,1095.0,78.0,511.0,"","","",""
"2020-04-12 21:00:00","Spain","Galicia",7494,139,136,284,2344.0,158.0,1186.0,"","","",""
"2020-04-12 21:00:00","Spain","Madrid",47146,346,1327,6422,11232.0,559.0,25385.0,"","","",""
"2020-04-12 21:00:00","Spain","Melilla",101,57,3,2,43.0,3.0,18.0,"","","",""
"2020-04-12 21:00:00","Spain","Murcia",1463,35,94,101,543.0,14.0,353.0,"","","",""
"2020-04-12 21:00:00","Spain","Navarra",4091,297,124,239,1693.0,123.0,695.0,"","","",""
"2020-04-12 21:00:00","Spain","País Vasco",11017,224,464,831,5622.0,246.0,5026.0,"","","",""
"2020-04-12 21:00:00","Spain","La Rioja",3358,512,73,223,1141.0,79.0,1458.0,"","","",""
"2020-04-13 21:00:00","Spain","Andalucía",10192,51,631,836,5053.0,5.0,2032.0,"","","",""
"2020-04-13 21:00:00","Spain","Aragón",4245,149,280,492,1966.0,58.0,963.0,"","","",""
"2020-04-13 21:00:00","Spain","Asturias",2051,79,111,156,1330.0,93.0,458.0,"","","",""
"2020-04-13 21:00:00","Spain","Baleares",1571,43,145,118,826.0,21.0,871.0,"","","",""
"2020-04-13 21:00:00","Spain","Canarias",1958,32,147,102,771.0,14.0,589.0,"","","",""
"2020-04-13 21:00:00","Spain","Cantabria",1796,107,76,120,853.0,19.0,323.0,"","","",""
"2020-04-13 21:00:00","Spain","Castilla La Mancha",14329,388,486,1714,7830.0,275.0,2943.0,"","","",""
"2020-04-13 21:00:00","Spain","Castilla y León",13180,290,308,1299,6175.0,552.0,4266.0,"","","",""
"2020-04-13 21:00:00","Spain","Cataluña",35197,213,2775,3666,23125.0,471.0,15967.0,"","","",""
"2020-04-13 21:00:00","Spain","Ceuta",96,73,4,4,9.0,1.0,22.0,"","","",""
"2020-04-13 21:00:00","Spain","Comunidad Valenciana",9213,74,581,907,4397.0,153.0,3069.0,"","","",""
"2020-04-13 21:00:00","Spain","Extremadura",2684,98,108,334,1114.0,26.0,578.0,"","","",""
"2020-04-13 21:00:00","Spain","Galicia",7597,131,133,290,2403.0,103.0,1240.0,"","","",""
"2020-04-13 21:00:00","Spain","Madrid",48048,308,1299,6568,10753.0,902.0,26247.0,"","","",""
"2020-04-13 21:00:00","Spain","Melilla",101,54,3,2,43.0,0.0,18.0,"","","",""
"2020-04-13 21:00:00","Spain","Murcia",1487,34,96,106,566.0,24.0,476.0,"","","",""
"2020-04-13 21:00:00","Spain","Navarra",4150,282,124,249,1705.0,58.0,730.0,"","","",""
"2020-04-13 21:00:00","Spain","País Vasco",11226,222,470,859,5678.0,208.0,5193.0,"","","",""
"2020-04-13 21:00:00","Spain","La Rioja",3420,508,74,234,1152.0,62.0,1519.0,"","","",""
"2020-04-14 21:00:00","Spain","Andalucía",10595,49,665,865,5147.0,289.0,2224.0,"","","",""
"2020-04-14 21:00:00","Spain","Aragón",4338,140,282,514,2005.0,93.0,1012.0,"","","",""
"2020-04-14 21:00:00","Spain","Asturias",2096,75,114,166,1386.0,45.0,487.0,"","","",""
"2020-04-14 21:00:00","Spain","Baleares",1606,41,149,125,857.0,35.0,881.0,"","","",""
"2020-04-14 21:00:00","Spain","Canarias",1975,27,152,104,781.0,17.0,622.0,"","","",""
"2020-04-14 21:00:00","Spain","Cantabria",1823,104,76,132,873.0,27.0,363.0,"","","",""
"2020-04-14 21:00:00","Spain","Castilla La Mancha",14680,375,495,1755,7896.0,351.0,2998.0,"","","",""
"2020-04-14 21:00:00","Spain","Castilla y León",13697,285,306,1337,6306.0,517.0,4521.0,"","","",""
"2020-04-14 21:00:00","Spain","Cataluña",36505,215,2788,3756,23372.0,1308.0,16651.0,"","","",""
"2020-04-14 21:00:00","Spain","Ceuta",98,55,4,4,9.0,2.0,30.0,"","","",""
"2020-04-14 21:00:00","Spain","Comunidad Valenciana",9424,69,588,945,4465.0,211.0,3360.0,"","","",""
"2020-04-14 21:00:00","Spain","Extremadura",2762,101,109,342,1155.0,78.0,615.0,"","","",""
"2020-04-14 21:00:00","Spain","Galicia",7708,121,128,299,2471.0,111.0,1298.0,"","","",""
"2020-04-14 21:00:00","Spain","Madrid",49526,295,1244,6724,10116.0,1478.0,27433.0,"","","",""
"2020-04-14 21:00:00","Spain","Melilla",102,46,3,2,43.0,1.0,24.0,"","","",""
"2020-04-14 21:00:00","Spain","Murcia",1520,32,97,109,574.0,33.0,513.0,"","","",""
"2020-04-14 21:00:00","Spain","Navarra",4246,267,124,252,1730.0,96.0,808.0,"","","",""
"2020-04-14 21:00:00","Spain","País Vasco",11475,210,471,902,5750.0,249.0,5428.0,"","","",""
"2020-04-14 21:00:00","Spain","La Rioja",3457,472,75,246,1182.0,37.0,1585.0,"","","",""
"2020-04-15 21:00:00","Spain","Andalucía",10807,45,671,912,5226.0,212.0,2634.0,79.0,6.0,47.0,410.0
"2020-04-15 21:00:00","Spain","Aragón",4566,141,291,543,2108.0,228.0,1087.0,102.0,9.0,29.0,75.0
"2020-04-15 21:00:00","Spain","Asturias",2170,76,116,168,1432.0,74.0,522.0,45.0,2.0,2.0,35.0
"2020-04-15 21:00:00","Spain","Baleares",1636,0,152,131,872.0,31.0,918.0,15.0,3.0,6.0,37.0
"2020-04-15 21:00:00","Spain","Canarias",1988,0,156,107,802.0,13.0,673.0,21.0,4.0,3.0,51.0
"2020-04-15 21:00:00","Spain","Cantabria",1845,0,77,137,890.0,22.0,442.0,17.0,1.0,5.0,79.0
"2020-04-15 21:00:00","Spain","Castilla La Mancha",15151,0,503,1796,7987.0,471.0,3378.0,91.0,8.0,41.0,380.0
"2020-04-15 21:00:00","Spain","Castilla y León",14380,0,307,1372,6449.0,683.0,4725.0,143.0,0.0,35.0,204.0
"2020-04-15 21:00:00","Spain","Cataluña",37354,0,2798,3855,23680.0,849.0,17297.0,308.0,9.0,99.0,646.0
"2020-04-15 21:00:00","Spain","Ceuta",100,53,4,4,9.0,2.0,41.0,0.0,0.0,0.0,11.0
"2020-04-15 21:00:00","Spain","Comunidad Valenciana",9615,0,625,972,4524.0,191.0,3702.0,59.0,37.0,27.0,342.0
"2020-04-15 21:00:00","Spain","Extremadura",2881,97,110,359,1186.0,119.0,649.0,31.0,1.0,17.0,34.0
"2020-04-15 21:00:00","Spain","Galicia",7872,0,123,310,2494.0,165.0,1383.0,23.0,0.0,11.0,85.0
"2020-04-15 21:00:00","Spain","Madrid",50693,0,1206,6877,9652.0,1168.0,28491.0,0.0,0.0,153.0,1058.0
"2020-04-15 21:00:00","Spain","Melilla",103,0,3,2,43.0,1.0,27.0,0.0,0.0,0.0,3.0
"2020-04-15 21:00:00","Spain","Murcia",1598,34,97,111,575.0,78.0,516.0,1.0,0.0,2.0,3.0
"2020-04-15 21:00:00","Spain","Navarra",4348,0,124,261,1751.0,102.0,845.0,21.0,0.0,9.0,37.0
"2020-04-15 21:00:00","Spain","País Vasco",11790,0,478,956,5863.0,315.0,5813.0,113.0,7.0,54.0,385.0
"2020-04-15 21:00:00","Spain","La Rioja",3916,578,75,257,1207.0,459.0,1654.0,25.0,0.0,11.0,72.0
"2020-04-16 21:00:00","Spain","Andalucía",11053,43,675,940,5297.0,246.0,2790.0,72.0,4.0,28.0,156.0
"2020-04-16 21:00:00","Spain","Aragón",4664,134,240,19,2151.0,98.0,45.0,43.0,562.0,1132.0,0.0
"2020-04-16 21:00:00","Spain","Asturias",2230,77,118,174,1474.0,60.0,545.0,42.0,2.0,6.0,23.0
"2020-04-16 21:00:00","Spain","Baleares",1668,35,152,134,905.0,31.0,938.0,33.0,0.0,3.0,20.0
"2020-04-16 21:00:00","Spain","Canarias",2009,24,159,111,811.0,21.0,730.0,9.0,3.0,4.0,57.0
"2020-04-16 21:00:00","Spain","Cantabria",1884,96,78,144,903.0,39.0,510.0,13.0,1.0,7.0,68.0
"2020-04-16 21:00:00","Spain","Castilla La Mancha",15997,367,511,1851,8017.0,846.0,3600.0,31.0,8.0,56.0,222.0
"2020-04-16 21:00:00","Spain","Castilla y León",14903,292,297,1401,6518.0,523.0,4923.0,69.0,0.0,29.0,199.0
"2020-04-16 21:00:00","Spain","Cataluña",38316,193,2305,3752,21241.0,962.0,12787.0,0.0,0.0,134.0,826.0
"2020-04-16 21:00:00","Spain","Ceuta",101,46,4,4,9.0,1.0,44.0,0.0,0.0,0.0,3.0
"2020-04-16 21:00:00","Spain","Comunidad Valenciana",9869,64,632,999,4605.0,254.0,4024.0,81.0,7.0,27.0,322.0
"2020-04-16 21:00:00","Spain","Extremadura",3019,105,110,372,1212.0,138.0,707.0,26.0,0.0,13.0,58.0
"2020-04-16 21:00:00","Spain","Galicia",8013,103,117,320,2535.0,140.0,1456.0,41.0,0.0,10.0,73.0
"2020-04-16 21:00:00","Spain","Madrid",51993,267,1154,7007,9141.0,1299.0,29436.0,0.0,0.0,130.0,945.0
"2020-04-16 21:00:00","Spain","Melilla",104,39,3,2,44.0,1.0,30.0,0.0,0.0,0.0,3.0
"2020-04-16 21:00:00","Spain","Murcia",1625,32,99,112,585.0,27.0,545.0,10.0,2.0,1.0,29.0
"2020-04-16 21:00:00","Spain","Navarra",4433,244,124,338,1781.0,85.0,892.0,29.0,0.0,77.0,47.0
"2020-04-16 21:00:00","Spain","País Vasco",12089,193,484,992,5939.0,299.0,6144.0,76.0,6.0,36.0,331.0
"2020-04-16 21:00:00","Spain","La Rioja",4098,591,76,262,1226.0,182.0,1729.0,19.0,1.0,5.0,75.0
"2020-04-17 21:00:00","Spain","Andalucía",11020,43,677,967,5341.0,107.0,2948.0,43.0,2.0,27.0,158.0
"2020-04-17 21:00:00","Spain","Aragón",4761,134,243,601,2180.0,97.0,1121.0,29.0,3.0,39.0,0.0
"2020-04-17 21:00:00","Spain","Asturias",2272,77,119,187,1520.0,42.0,575.0,46.0,1.0,13.0,30.0
"2020-04-17 21:00:00","Spain","Baleares",1748,35,157,148,937.0,80.0,958.0,32.0,5.0,14.0,20.0
"2020-04-17 21:00:00","Spain","Canarias",2035,0,160,115,822.0,26.0,785.0,11.0,1.0,4.0,55.0
"2020-04-17 21:00:00","Spain","Cantabria",1990,0,78,149,911.0,106.0,534.0,8.0,0.0,5.0,24.0
"2020-04-17 21:00:00","Spain","Castilla La Mancha",16349,0,514,1913,8093.0,352.0,3838.0,75.0,3.0,61.0,238.0
"2020-04-17 21:00:00","Spain","Castilla y León",15293,0,495,1429,6831.0,390.0,5103.0,313.0,0.0,28.0,179.0
"2020-04-17 21:00:00","Spain","Cataluña",39943,0,2349,3878,22013.0,1626.0,13275.0,771.0,44.0,127.0,488.0
"2020-04-17 21:00:00","Spain","Ceuta",108,46,4,4,9.0,7.0,53.0,0.0,0.0,0.0,9.0
"2020-04-17 21:00:00","Spain","Comunidad Valenciana",9795,64,636,1042,4708.0,76.0,4306.0,103.0,4.0,43.0,282.0
"2020-04-17 21:00:00","Spain","Extremadura",3081,105,112,380,1240.0,62.0,736.0,28.0,2.0,8.0,29.0
"2020-04-17 21:00:00","Spain","Galicia",8084,0,115,334,2554.0,71.0,0.0,19.0,0.0,14.0,0.0
"2020-04-17 21:00:00","Spain","Madrid",52946,0,1094,7132,8597.0,953.0,30475.0,0.0,0.0,125.0,1039.0
"2020-04-17 21:00:00","Spain","Melilla",104,0,3,2,44.0,0.0,30.0,0.0,0.0,0.0,0.0
"2020-04-17 21:00:00","Spain","Murcia",1638,32,102,115,611.0,13.0,638.0,26.0,3.0,3.0,93.0
"2020-04-17 21:00:00","Spain","Navarra",4556,244,127,354,1829.0,123.0,954.0,48.0,3.0,16.0,62.0
"2020-04-17 21:00:00","Spain","País Vasco",12355,0,490,1020,6030.0,266.0,6556.0,91.0,6.0,28.0,412.0
"2020-04-17 21:00:00","Spain","La Rioja",3648,591,78,272,1249.0,101.0,1777.0,23.0,2.0,10.0,48.0
"2020-04-18 21:00:00","Spain","Andalucía",11205,34,687,993,5423.0,185.0,3116.0,83.0,10.0,26.0,168.0
"2020-04-18 21:00:00","Spain","Aragón",4831,121,246,619,2215.0,70.0,1175.0,36.0,3.0,18.0,54.0
"2020-04-18 21:00:00","Spain","Asturias",2298,67,120,196,1571.0,26.0,596.0,51.0,1.0,9.0,21.0
"2020-04-18 21:00:00","Spain","Baleares",1773,41,160,155,955.0,25.0,993.0,18.0,3.0,7.0,35.0
"2020-04-18 21:00:00","Spain","Canarias",2046,0,162,119,825.0,12.0,789.0,3.0,2.0,4.0,4.0
"2020-04-18 21:00:00","Spain","Cantabria",2050,104,78,153,924.0,60.0,610.0,13.0,0.0,4.0,76.0
"2020-04-18 21:00:00","Spain","Castilla La Mancha",16625,324,518,1963,8137.0,276.0,3963.0,44.0,4.0,50.0,125.0
"2020-04-18 21:00:00","Spain","Castilla y León",15620,286,498,1458,6981.0,328.0,5262.0,150.0,3.0,29.0,159.0
"2020-04-18 21:00:00","Spain","Cataluña",40600,189,2395,3933,22235.0,657.0,13690.0,222.0,46.0,54.0,416.0
"2020-04-18 21:00:00","Spain","Ceuta",109,30,4,4,9.0,1.0,59.0,0.0,0.0,0.0,6.0
"2020-04-18 21:00:00","Spain","Comunidad Valenciana",9937,55,643,1065,4781.0,142.0,4547.0,73.0,7.0,23.0,241.0
"2020-04-18 21:00:00","Spain","Extremadura",3136,101,112,384,1278.0,55.0,767.0,38.0,0.0,4.0,31.0
"2020-04-18 21:00:00","Spain","Galicia",8185,0,112,346,2590.0,101.0,0.0,36.0,0.0,12.0,0.0
"2020-04-18 21:00:00","Spain","Madrid",54883,259,1123,7239,8291.0,1938.0,31313.0,0.0,0.0,107.0,838.0
"2020-04-18 21:00:00","Spain","Melilla",104,0,3,2,44.0,0.0,44.0,0.0,0.0,0.0,14.0
"2020-04-18 21:00:00","Spain","Murcia",1644,27,102,116,612.0,6.0,652.0,1.0,0.0,1.0,14.0
"2020-04-18 21:00:00","Spain","Navarra",4621,236,127,369,1843.0,65.0,992.0,14.0,0.0,15.0,38.0
"2020-04-18 21:00:00","Spain","País Vasco",12569,178,499,1062,6086.0,214.0,6972.0,56.0,9.0,42.0,416.0
"2020-04-18 21:00:00","Spain","La Rioja",3705,351,79,277,1268.0,57.0,1815.0,19.0,1.0,5.0,39.0
"2020-04-19 21:00:00","Spain","Andalucía",11323,32,690,1012,5473.0,118.0,3228.0,49.0,3.0,20.0,113.0
"2020-04-19 21:00:00","Spain","Aragón",4886,116,248,637,2244.0,55.0,1178.0,28.0,2.0,18.0,3.0
"2020-04-19 21:00:00","Spain","Asturias",2348,68,122,200,1599.0,50.0,599.0,28.0,2.0,4.0,3.0
"2020-04-19 21:00:00","Spain","Baleares",1788,40,161,157,963.0,15.0,1004.0,8.0,1.0,2.0,12.0
"2020-04-19 21:00:00","Spain","Canarias",2066,19,163,119,826.0,20.0,813.0,1.0,1.0,0.0,24.0
"2020-04-19 21:00:00","Spain","Cantabria",2083,103,78,158,934.0,33.0,626.0,10.0,0.0,5.0,16.0
"2020-04-19 21:00:00","Spain","Castilla La Mancha",16796,304,531,2021,8173.0,171.0,4178.0,36.0,13.0,58.0,215.0
"2020-04-19 21:00:00","Spain","Castilla y León",15857,280,501,1493,7080.0,236.0,5366.0,99.0,3.0,35.0,104.0
"2020-04-19 21:00:00","Spain","Cataluña",41676,193,2409,4008,22375.0,1075.0,13934.0,140.0,14.0,76.0,243.0
"2020-04-19 21:00:00","Spain","Ceuta",111,33,4,4,9.0,2.0,74.0,0.0,0.0,0.0,15.0
"2020-04-19 21:00:00","Spain","Comunidad Valenciana",10017,53,646,1079,4827.0,81.0,4629.0,46.0,3.0,14.0,82.0
"2020-04-19 21:00:00","Spain","Extremadura",3186,104,112,389,1306.0,50.0,858.0,28.0,0.0,5.0,91.0
"2020-04-19 21:00:00","Spain","Galicia",8299,79,108,352,2609.0,114.0,1548.0,19.0,0.0,6.0,12.0
"2020-04-19 21:00:00","Spain","Madrid",56963,252,1111,7351,8191.0,2079.0,31761.0,0.0,0.0,112.0,449.0
"2020-04-19 21:00:00","Spain","Melilla",104,20,3,2,44.0,0.0,46.0,0.0,0.0,0.0,2.0
"2020-04-19 21:00:00","Spain","Murcia",1646,25,103,117,612.0,2.0,662.0,0.0,1.0,1.0,10.0
"2020-04-19 21:00:00","Spain","Navarra",4697,224,128,385,1855.0,76.0,1123.0,13.0,1.0,16.0,131.0
"2020-04-19 21:00:00","Spain","País Vasco",12628,172,501,1081,6109.0,59.0,7124.0,23.0,2.0,19.0,152.0
"2020-04-19 21:00:00","Spain","La Rioja",3734,320,79,285,1281.0,29.0,1833.0,14.0,0.0,8.0,17.0
"2020-04-20 21:00:00","Spain","Andalucía",11447,31,692,1017,5508.0,124.0,3411.0,36.0,2.0,4.0,182.0
"2020-04-20 21:00:00","Spain","Aragón",4938,112,250,643,2271.0,52.0,1182.0,27.0,2.0,6.0,4.0
"2020-04-20 21:00:00","Spain","Asturias",2365,67,122,202,1626.0,17.0,616.0,27.0,0.0,2.0,17.0
"2020-04-20 21:00:00","Spain","Baleares",1808,38,161,161,986.0,20.0,1004.0,23.0,0.0,4.0,0.0
"2020-04-20 21:00:00","Spain","Canarias",2085,16,164,120,837.0,18.0,878.0,11.0,1.0,1.0,65.0
"2020-04-20 21:00:00","Spain","Cantabria",2123,107,78,165,948.0,40.0,646.0,14.0,0.0,7.0,20.0
"2020-04-20 21:00:00","Spain","Castilla La Mancha",17045,293,534,2075,8199.0,249.0,4242.0,26.0,3.0,54.0,64.0
"2020-04-20 21:00:00","Spain","Castilla y León",16259,278,503,1521,7173.0,402.0,5428.0,94.0,2.0,28.0,63.0
"2020-04-20 21:00:00","Spain","Cataluña",43111,192,2437,4152,22796.0,1436.0,14446.0,421.0,28.0,143.0,512.0
"2020-04-20 21:00:00","Spain","Ceuta",111,33,4,4,9.0,0.0,73.0,0.0,0.0,0.0,0.0
"2020-04-20 21:00:00","Spain","Comunidad Valenciana",10084,52,648,1089,4866.0,66.0,4718.0,39.0,2.0,10.0,90.0
"2020-04-20 21:00:00","Spain","Extremadura",3196,101,112,397,1327.0,10.0,921.0,21.0,0.0,8.0,63.0
"2020-04-20 21:00:00","Spain","Galicia",8468,79,101,360,2651.0,169.0,1588.0,43.0,0.0,8.0,40.0
"2020-04-20 21:00:00","Spain","Madrid",57997,263,1075,7460,7930.0,1034.0,32277.0,0.0,0.0,109.0,515.0
"2020-04-20 21:00:00","Spain","Melilla",105,15,3,2,44.0,1.0,46.0,0.0,0.0,0.0,0.0
"2020-04-20 21:00:00","Spain","Murcia",1681,26,104,120,614.0,35.0,702.0,2.0,1.0,3.0,40.0
"2020-04-20 21:00:00","Spain","Navarra",4781,217,128,397,1876.0,84.0,1190.0,21.0,0.0,12.0,67.0
"2020-04-20 21:00:00","Spain","País Vasco",12810,171,507,1103,6141.0,182.0,7277.0,32.0,6.0,22.0,153.0
"2020-04-20 21:00:00","Spain","La Rioja",3763,289,81,294,1297.0,29.0,1865.0,15.0,2.0,9.0,33.0
"2020-04-21 21:00:00","Spain","Andalucía",11610,31,696,1050,5565.0,163.0,3569.0,56.0,4.0,33.0,158.0
"2020-04-21 21:00:00","Spain","Aragón",5053,114,252,656,2304.0,116.0,1530.0,33.0,2.0,13.0,348.0
"2020-04-21 21:00:00","Spain","Asturias",2419,69,128,211,1665.0,54.0,642.0,39.0,6.0,9.0,26.0
"2020-04-21 21:00:00","Spain","Baleares",1835,36,166,164,1004.0,28.0,1017.0,19.0,5.0,3.0,12.0
"2020-04-21 21:00:00","Spain","Canarias",2094,15,164,121,841.0,9.0,927.0,4.0,0.0,1.0,49.0
"2020-04-21 21:00:00","Spain","Cantabria",2160,101,78,167,956.0,37.0,718.0,8.0,0.0,2.0,72.0
"2020-04-21 21:00:00","Spain","Castilla La Mancha",17320,272,537,2140,8243.0,276.0,4337.0,44.0,3.0,65.0,95.0
"2020-04-21 21:00:00","Spain","Castilla y León",16839,282,505,1554,7263.0,580.0,5614.0,90.0,2.0,33.0,185.0
"2020-04-21 21:00:00","Spain","Cataluña",43802,184,2460,4247,23295.0,690.0,15089.0,499.0,23.0,95.0,643.0
"2020-04-21 21:00:00","Spain","Ceuta",118,40,4,4,9.0,7.0,76.0,0.0,0.0,0.0,3.0
"2020-04-21 21:00:00","Spain","Comunidad Valenciana",10538,57,649,1105,4896.0,454.0,5011.0,30.0,1.0,17.0,292.0
"2020-04-21 21:00:00","Spain","Extremadura",3230,97,112,404,1349.0,34.0,1051.0,22.0,0.0,7.0,130.0
"2020-04-21 21:00:00","Spain","Galicia",8634,77,96,368,2674.0,166.0,1625.0,22.0,0.0,8.0,37.0
"2020-04-21 21:00:00","Spain","Madrid",59199,251,1024,7577,7463.0,1202.0,33032.0,0.0,0.0,117.0,755.0
"2020-04-21 21:00:00","Spain","Melilla",105,13,3,2,44.0,0.0,50.0,0.0,0.0,0.0,4.0
"2020-04-21 21:00:00","Spain","Murcia",1695,24,104,123,622.0,14.0,761.0,8.0,0.0,3.0,59.0
"2020-04-21 21:00:00","Spain","Navarra",4899,218,128,401,1894.0,118.0,1315.0,17.0,0.0,4.0,126.0
"2020-04-21 21:00:00","Spain","País Vasco",13044,162,513,1124,6201.0,234.0,7651.0,60.0,6.0,21.0,374.0
"2020-04-21 21:00:00","Spain","La Rioja",3792,265,81,298,1318.0,29.0,1899.0,21.0,0.0,4.0,33.0
"2020-04-22 21:00:00","Spain","Andalucía",11845,30,702,1079,5616.0,235.0,3847.0,51.0,6.0,29.0,278.0
"2020-04-22 21:00:00","Spain","Aragón",5237,117,253,681,2340.0,183.0,1680.0,36.0,1.0,25.0,150.0
"2020-04-22 21:00:00","Spain","Asturias",2453,70,130,223,1705.0,34.0,665.0,40.0,2.0,12.0,23.0
"2020-04-22 21:00:00","Spain","Baleares",1861,35,167,168,1022.0,25.0,1047.0,17.0,1.0,4.0,30.0
"2020-04-22 21:00:00","Spain","Canarias",2113,12,169,121,855.0,19.0,969.0,14.0,5.0,0.0,42.0
"2020-04-22 21:00:00","Spain","Cantabria",2206,101,78,173,965.0,46.0,850.0,9.0,0.0,6.0,132.0
"2020-04-22 21:00:00","Spain","Castilla La Mancha",17557,249,546,2188,8304.0,236.0,4577.0,61.0,9.0,48.0,240.0
"2020-04-22 21:00:00","Spain","Castilla y León",17402,286,508,1581,7397.0,563.0,5777.0,133.0,3.0,28.0,163.0
"2020-04-22 21:00:00","Spain","Cataluña",44891,180,2478,4343,23647.0,1090.0,15477.0,352.0,18.0,96.0,388.0
"2020-04-22 21:00:00","Spain","Ceuta",118,40,4,4,9.0,0.0,76.0,0.0,0.0,0.0,0.0
"2020-04-22 21:00:00","Spain","Comunidad Valenciana",10692,54,650,1124,4917.0,154.0,5388.0,21.0,1.0,18.0,377.0
"2020-04-22 21:00:00","Spain","Extremadura",3260,92,113,407,1375.0,30.0,1237.0,26.0,1.0,3.0,186.0
"2020-04-22 21:00:00","Spain","Galicia",8805,75,92,375,2694.0,171.0,1676.0,20.0,0.0,7.0,51.0
"2020-04-22 21:00:00","Spain","Madrid",60486,249,981,7684,7077.0,1288.0,33645.0,0.0,0.0,107.0,613.0
"2020-04-22 21:00:00","Spain","Melilla",106,15,3,2,44.0,1.0,55.0,0.0,0.0,0.0,5.0
"2020-04-22 21:00:00","Spain","Murcia",1720,24,104,124,624.0,26.0,766.0,2.0,0.0,1.0,5.0
"2020-04-22 21:00:00","Spain","Navarra",4994,216,129,409,1906.0,95.0,1445.0,13.0,1.0,8.0,129.0
"2020-04-22 21:00:00","Spain","País Vasco",13436,164,516,1167,6260.0,392.0,8136.0,59.0,3.0,43.0,485.0
"2020-04-22 21:00:00","Spain","La Rioja",3839,256,82,303,1331.0,47.0,1936.0,13.0,1.0,5.0,38.0
"2020-04-23 21:00:00","Spain","Andalucía",11536,24,714,1107,5675.0,133.0,3992.0,59.0,12.0,28.0,145.0
"2020-04-23 21:00:00","Spain","Aragón",4867,78,254,695,2359.0,34.0,1781.0,19.0,1.0,14.0,101.0
"2020-04-23 21:00:00","Spain","Asturias",2234,42,131,231,1728.0,5.0,688.0,23.0,1.0,8.0,23.0
"2020-04-23 21:00:00","Spain","Baleares",1821,28,166,172,1040.0,14.0,1081.0,18.0,0.0,4.0,34.0
"2020-04-23 21:00:00","Spain","Canarias",2140,13,169,128,868.0,27.0,1017.0,13.0,0.0,7.0,48.0
"2020-04-23 21:00:00","Spain","Cantabria",2084,73,78,178,978.0,61.0,913.0,13.0,0.0,5.0,63.0
"2020-04-23 21:00:00","Spain","Castilla La Mancha",15365,113,553,2255,8342.0,237.0,4782.0,38.0,7.0,67.0,205.0
"2020-04-23 21:00:00","Spain","Castilla y León",15692,191,510,1611,7506.0,182.0,5943.0,109.0,2.0,30.0,166.0
"2020-04-23 21:00:00","Spain","Cataluña",45544,178,2569,4393,24130.0,652.0,16137.0,483.0,91.0,50.0,661.0
"2020-04-23 21:00:00","Spain","Ceuta",100,10,4,4,10.0,0.0,84.0,1.0,0.0,0.0,8.0
"2020-04-23 21:00:00","Spain","Comunidad Valenciana",9939,32,651,1147,4945.0,70.0,5809.0,28.0,1.0,23.0,421.0
"2020-04-23 21:00:00","Spain","Extremadura",2718,36,108,411,1413.0,3.0,1358.0,38.0,0.0,4.0,121.0
"2020-04-23 21:00:00","Spain","Galicia",8932,73,87,382,2707.0,127.0,1730.0,13.0,0.0,7.0,54.0
"2020-04-23 21:00:00","Spain","Madrid",58191,201,949,7765,6601.0,1097.0,34211.0,0.0,0.0,81.0,567.0
"2020-04-23 21:00:00","Spain","Melilla",107,13,3,2,44.0,1.0,61.0,0.0,0.0,0.0,6.0
"2020-04-23 21:00:00","Spain","Murcia",1468,5,105,125,625.0,8.0,791.0,1.0,1.0,1.0,25.0
"2020-04-23 21:00:00","Spain","Navarra",4581,127,129,417,1915.0,4.0,1551.0,8.0,0.0,8.0,107.0
"2020-04-23 21:00:00","Spain","País Vasco",11880,80,518,1193,6315.0,92.0,8459.0,55.0,2.0,26.0,323.0
"2020-04-23 21:00:00","Spain","La Rioja",3790,225,82,307,1344.0,49.0,1964.0,13.0,0.0,4.0,27.0
"2020-04-24 21:00:00","Spain","Andalucía",11703,23,717,1131,5715.0,167.0,4295.0,40.0,3.0,24.0,303.0
"2020-04-24 21:00:00","Spain","Aragón",4922,72,255,709,2372.0,55.0,1929.0,13.0,1.0,14.0,148.0
"2020-04-24 21:00:00","Spain","Asturias",2238,40,132,239,1760.0,4.0,716.0,32.0,1.0,8.0,28.0
"2020-04-24 21:00:00","Spain","Baleares",1847,29,166,174,1058.0,26.0,1102.0,18.0,0.0,2.0,21.0
"2020-04-24 21:00:00","Spain","Canarias",2155,12,171,130,878.0,15.0,1036.0,10.0,2.0,2.0,19.0
"2020-04-24 21:00:00","Spain","Cantabria",2070,60,78,182,982.0,16.0,1046.0,4.0,0.0,4.0,133.0
"2020-04-24 21:00:00","Spain","Castilla La Mancha",15509,100,559,2292,8385.0,144.0,4876.0,43.0,6.0,37.0,94.0
"2020-04-24 21:00:00","Spain","Castilla y León",15990,185,511,1639,7555.0,298.0,6032.0,49.0,1.0,27.0,90.0
"2020-04-24 21:00:00","Spain","Cataluña",46261,172,2576,4498,24130.0,717.0,16753.0,0.0,7.0,105.0,615.0
"2020-04-24 21:00:00","Spain","Ceuta",100,8,4,4,10.0,0.0,98.0,0.0,0.0,0.0,14.0
"2020-04-24 21:00:00","Spain","Comunidad Valenciana",10066,29,653,1172,4978.0,127.0,6032.0,33.0,2.0,25.0,224.0
"2020-04-24 21:00:00","Spain","Extremadura",2718,21,107,416,1446.0,0.0,1510.0,34.0,0.0,5.0,152.0
"2020-04-24 21:00:00","Spain","Galicia",9116,71,900,388,2722.0,184.0,1783.0,15.0,0.0,6.0,53.0
"2020-04-24 21:00:00","Spain","Madrid",58818,194,892,7848,6183.0,628.0,34902.0,0.0,0.0,83.0,690.0
"2020-04-24 21:00:00","Spain","Melilla",108,11,3,2,44.0,1.0,77.0,0.0,0.0,0.0,16.0
"2020-04-24 21:00:00","Spain","Murcia",1468,3,105,126,625.0,0.0,842.0,0.0,0.0,1.0,51.0
"2020-04-24 21:00:00","Spain","Navarra",4627,123,129,429,1936.0,46.0,1736.0,22.0,0.0,12.0,185.0
"2020-04-24 21:00:00","Spain","País Vasco",12366,83,525,1212,6375.0,485.0,8941.0,60.0,7.0,19.0,482.0
"2020-04-24 21:00:00","Spain","La Rioja",3821,188,83,311,1360.0,31.0,1999.0,16.0,1.0,4.0,35.0
"2020-04-25 21:00:00","Spain","Andalucía",11774,21,716,1145,5747.0,71.0,4741.0,33.0,0.0,14.0,446.0
"2020-04-25 21:00:00","Spain","Aragón",4955,67,257,712,2395.0,33.0,1960.0,23.0,2.0,3.0,31.0
"2020-04-25 21:00:00","Spain","Asturias",2249,34,134,249,1790.0,11.0,749.0,30.0,2.0,10.0,33.0
"2020-04-25 21:00:00","Spain","Baleares",1854,27,166,175,1062.0,7.0,1123.0,4.0,0.0,1.0,21.0
"2020-04-25 21:00:00","Spain","Canarias",2167,11,171,131,880.0,12.0,1048.0,2.0,0.0,1.0,12.0
"2020-04-25 21:00:00","Spain","Cantabria",2083,56,78,183,991.0,12.0,1127.0,9.0,0.0,1.0,81.0
"2020-04-25 21:00:00","Spain","Castilla La Mancha",15609,94,565,2330,8417.0,100.0,5196.0,32.0,6.0,38.0,320.0
"2020-04-25 21:00:00","Spain","Castilla y León",16222,171,515,1666,7653.0,232.0,6207.0,98.0,4.0,27.0,175.0
"2020-04-25 21:00:00","Spain","Cataluña",46811,166,2583,4566,25665.0,550.0,17006.0,1245.0,7.0,68.0,253.0
"2020-04-25 21:00:00","Spain","Ceuta",100,8,4,4,10.0,0.0,104.0,0.0,0.0,0.0,6.0
"2020-04-25 21:00:00","Spain","Comunidad Valenciana",10160,26,654,1186,5013.0,94.0,6242.0,35.0,1.0,14.0,210.0
"2020-04-25 21:00:00","Spain","Extremadura",2736,14,108,422,1480.0,18.0,1581.0,33.0,1.0,6.0,72.0
"2020-04-25 21:00:00","Spain","Galicia",9176,68,85,394,2735.0,60.0,1803.0,13.0,0.0,6.0,20.0
"2020-04-25 21:00:00","Spain","Madrid",59126,188,873,7922,5892.0,307.0,35367.0,0.0,0.0,74.0,465.0
"2020-04-25 21:00:00","Spain","Melilla",110,13,3,2,44.0,2.0,81.0,0.0,0.0,0.0,4.0
"2020-04-25 21:00:00","Spain","Murcia",1474,1,106,127,627.0,6.0,920.0,2.0,1.0,1.0,78.0
"2020-04-25 21:00:00","Spain","Navarra",4712,113,129,431,1942.0,85.0,1835.0,5.0,0.0,2.0,98.0
"2020-04-25 21:00:00","Spain","País Vasco",12455,76,533,1230,6426.0,89.0,9602.0,51.0,8.0,18.0,661.0
"2020-04-25 21:00:00","Spain","La Rioja",3861,183,84,315,1380.0,40.0,2037.0,20.0,1.0,4.0,38.0
