Country, Total confirmed cases, Total confirmed new cases, Total deaths, Total new deaths, Transmission classification, Days since last reported case
Republic of Korea,5766,438,35,3,Local transmission,0
Japan,317,33,6,0,Local transmission,0
Singapore,110,0,0,0,Local transmission,1
Australia,57,14,2,2,Local transmission,0
Malaysia,50,0,0,0,Local transmission,1
Viet Nam,16,0,0,0,Local transmission,21
Philippines,3,0,1,0,Imported cases only,29
New Zealand,2,0,0,0,Imported cases only,2
Cambodia,1,0,0,0,Imported cases only,37
Italy,3089,587,107,27,Local transmission,0
France,282,73,4,0,Local transmission,0
Germany,262,66,0,0,Local transmission,0
Spain,198,47,1,1,Local transmission,0
the United Kingdom,89,38,0,0,Local transmission,0
Switzerland,56,20,0,0,Local transmission,0
Norway,56,23,0,0,Local transmission,0
Netherlands,38,10,0,0,Local transmission,0
Austria,37,13,0,0,Imported cases only,0
Sweden,35,11,0,0,Local transmission,0
Iceland,26,10,0,0,Imported cases only,0
Belgium,23,15,0,0,Local transmission,0
San Marino,16,8,0,0,Local transmission,0
Israel,15,3,0,0,Local transmission,0
Denmark,10,2,0,0,Local transmission,0
Croatia,9,0,0,0,Local transmission,1
Greece,9,2,0,0,Local transmission,0
Finland,7,0,0,0,Local transmission,2
Portugal,7,5,0,0,Local transmission,0
Belarus,6,5,0,0,Local transmission,0
Czechia,5,0,0,0,Imported cases only,1
Romania,4,0,0,0,Local transmission,1
Azerbaijan,3,0,0,0,Imported cases only,4
Georgia,3,0,0,0,Imported cases only,4
Russian Federation,3,0,0,0,Imported cases only,2
Bosnia and Herzegovina,2,2,0,0,Local transmission,0
Estonia,2,0,0,0,Imported cases only,1
Hungary,2,2,0,0,Imported cases only,0
Ireland,2,0,0,0,Imported cases only,1
Andorra,1,0,0,0,Imported cases only,2
Armenia,1,0,0,0,Imported cases only,3
Latvia,1,0,0,0,Imported cases only,2
Lithuania,1,0,0,0,Imported cases only,6
Luxembourg,1,0,0,0,Imported cases only,3
Monaco,1,0,0,0,Under investigation,4
North Macedonia,1,0,0.1,0.2,Imported cases only,7,
Poland,1,0.0,0.0,0.0,Imported cases only,1.0
Slovenia,1,1.0,0.0,0.0,Imported cases only,0.0
Ukraine,1,0.0,0.0,0.0,Imported cases only,1.0
Liechtenstein,1,0.0,0.0,0.0,Imported cases only,1.0
Gibraltar,1,0.0,0.0,0.0,Imported cases only,1.0
Thailand,47,4.0,1.0,0.0,Local transmission,0.0
India,29,23.0,0.0,0.0,Local transmission,0.0
Indonesia,2,0.0,0.0,0.0,Local transmission,3.0
Nepal,1,0.0,0.0,0.0,Imported cases only,41.0
Sri Lanka,1,0.0,0.0,0.0,Imported cases only,38.0
"Iran (Islamic Republic of)",2922,586.0,92.0,15.0,Local transmission,0.0
Kuwait,58,2.0,0.0,0.0,Imported cases only,0.0
Bahrain,49,0.0,0.0,0.0,Imported cases only,2.0
Iraq,36,5.0,2.0,2.0,Imported cases only,0.0
"United Arab Emirates",27,0.0,0.0,0.0,Local transmission,1.0
Oman,15,3.0,0.0,0.0,Imported cases only,0.0
Lebanon,13,0.0,0.0,0.0,Local transmission,2.0
Qatar,8,0.0,0.0,0.0,Imported cases only,1.0
Pakistan,5,0.0,0.0,0.0,Imported cases only,2.0
Egypt,2,0.0,0.0,0.0,Imported cases only,3.0
Morocco,2,1.0,0.0,0.0,Imported cases only,0.0
Saudi Arabia,2,1.0,0.0,0.0,Imported cases only,0.0
Afghanistan,1,0.0,0.0,0.0,Imported cases only,9.0
Jordan,1,0.0,0.0,0.0,Imported cases only,2.0
Tunisia,1,0.0,0.0,0.0,Imported cases only,2.0
"occupied Palestinian territory",4,4.0,0.0,0.0,Imported cases only,0.0
the United States,129,21.0,9.0,3.0,Local transmission,0.0
Canada,30,0.0,0.0,0.0,Local transmission,1.0
Ecuador,7,0.0,0.0,0.0,Local transmission,1.0
Mexico,5,0.0,0.0,0.0,Imported cases only,3.0
Brazil,3,1.0,0.0,0.0,Imported cases only,0.0
Argentina,1,0.0,0.0,0.0,Imported cases only,1.0
Chile,1,0.0,0.0,0.0,Imported cases only,1.0
Dominican Republic,1,0.0,0.0,0.0,Imported cases only,3.0
Saint Martin,2,0.0,0.0,0.0,Under investigation,2.0
Saint Barth√©lemy,1,0.0,0.0,0.0,Under investigation,2.0
Algeria,12,7.0,0.0,0.0,Local transmission,0.0
Senegal,4,3.0,0.0,0.0,Imported cases only,0.0
Nigeria,1,0.0,0.0,0.0,Imported cases only,6.0
Diamond Princess,706,0.0,6.0,0.0,Local transmission,3.0