"Date","Country","Region","Total ICU cases","Total Hospital cases","Total cured","Total deaths","Total confirmed cases","New confirmed cases","Current Hospital cases","New Hospital cases","New ICU cases","New deaths","New cured"
"2020-02-24T18:00:00","Italy","Abruzzo",0,0,0,0,0,0,0,0,0,0,0
"2020-02-24T18:00:00","Italy","Basilicata",0,0,0,0,0,0,0,0,0,0,0
"2020-02-24T18:00:00","Italy","P.A. Bolzano",0,0,0,0,0,0,0,0,0,0,0
"2020-02-24T18:00:00","Italy","Calabria",0,0,0,0,0,0,0,0,0,0,0
"2020-02-24T18:00:00","Italy","Campania",0,0,0,0,0,0,0,0,0,0,0
"2020-02-24T18:00:00","Italy","Emilia Romagna",2,12,0,0,18,18,12,12,2,0,0
"2020-02-24T18:00:00","Italy","Friuli Venezia Giulia",0,0,0,0,0,0,0,0,0,0,0
"2020-02-24T18:00:00","Italy","Lazio",1,2,1,0,3,3,2,2,1,0,1
"2020-02-24T18:00:00","Italy","Liguria",0,0,0,0,0,0,0,0,0,0,0
"2020-02-24T18:00:00","Italy","Lombardia",19,95,0,6,172,172,95,95,19,6,0
"2020-02-24T18:00:00","Italy","Marche",0,0,0,0,0,0,0,0,0,0,0
"2020-02-24T18:00:00","Italy","Molise",0,0,0,0,0,0,0,0,0,0,0
"2020-02-24T18:00:00","Italy","Piemonte",0,2,0,0,3,3,2,2,0,0,0
"2020-02-24T18:00:00","Italy","Puglia",0,0,0,0,0,0,0,0,0,0,0
"2020-02-24T18:00:00","Italy","Sardegna",0,0,0,0,0,0,0,0,0,0,0
"2020-02-24T18:00:00","Italy","Sicilia",0,0,0,0,0,0,0,0,0,0,0
"2020-02-24T18:00:00","Italy","Toscana",0,0,0,0,0,0,0,0,0,0,0
"2020-02-24T18:00:00","Italy","P.A. Trento",0,0,0,0,0,0,0,0,0,0,0
"2020-02-24T18:00:00","Italy","Umbria",0,0,0,0,0,0,0,0,0,0,0
"2020-02-24T18:00:00","Italy","Valle d'Aosta",0,0,0,0,0,0,0,0,0,0,0
"2020-02-24T18:00:00","Italy","Veneto",4,16,0,1,33,33,16,16,4,1,0
"2020-02-25T18:00:00","Italy","Abruzzo",0,0,0,0,0,0,0,0,0,0,0
"2020-02-25T18:00:00","Italy","Basilicata",0,0,0,0,0,0,0,0,0,0,0
"2020-02-25T18:00:00","Italy","P.A. Bolzano",0,1,0,0,1,1,1,1,0,0,0
"2020-02-25T18:00:00","Italy","Calabria",0,0,0,0,0,0,0,0,0,0,0
"2020-02-25T18:00:00","Italy","Campania",0,0,0,0,0,0,0,0,0,0,0
"2020-02-25T18:00:00","Italy","Emilia Romagna",2,17,0,0,26,8,17,5,0,0,0
"2020-02-25T18:00:00","Italy","Friuli Venezia Giulia",0,0,0,0,0,0,0,0,0,0,0
"2020-02-25T18:00:00","Italy","Lazio",1,2,1,0,3,0,1,0,0,0,0
"2020-02-25T18:00:00","Italy","Liguria",0,1,0,0,1,1,1,1,0,0,0
"2020-02-25T18:00:00","Italy","Lombardia",25,104,0,9,240,68,98,9,6,3,0
"2020-02-25T18:00:00","Italy","Marche",0,0,0,0,0,0,0,0,0,0,0
"2020-02-25T18:00:00","Italy","Molise",0,0,0,0,0,0,0,0,0,0,0
"2020-02-25T18:00:00","Italy","Piemonte",0,2,0,0,3,0,2,0,0,0,0
"2020-02-25T18:00:00","Italy","Puglia",0,0,0,0,0,0,0,0,0,0,0
"2020-02-25T18:00:00","Italy","Sardegna",0,0,0,0,0,0,0,0,0,0,0
"2020-02-25T18:00:00","Italy","Sicilia",0,2,0,0,3,3,2,2,0,0,0
"2020-02-25T18:00:00","Italy","Toscana",0,2,0,0,2,2,2,2,0,0,0
"2020-02-25T18:00:00","Italy","P.A. Trento",0,0,0,0,0,0,0,0,0,0,0
"2020-02-25T18:00:00","Italy","Umbria",0,0,0,0,0,0,0,0,0,0,0
"2020-02-25T18:00:00","Italy","Valle d'Aosta",0,0,0,0,0,0,0,0,0,0,0
"2020-02-25T18:00:00","Italy","Veneto",7,19,0,1,43,10,18,3,3,0,0
"2020-02-26T18:00:00","Italy","Abruzzo",0,0,0,0,0,0,0,0,0,0,0
"2020-02-26T18:00:00","Italy","Basilicata",0,0,0,0,0,0,0,0,0,0,0
"2020-02-26T18:00:00","Italy","P.A. Bolzano",0,1,0,0,1,0,1,0,0,0,0
"2020-02-26T18:00:00","Italy","Calabria",0,0,0,0,0,0,0,0,0,0,0
"2020-02-26T18:00:00","Italy","Campania",0,0,0,0,0,0,0,0,0,0,0
"2020-02-26T18:00:00","Italy","Emilia Romagna",3,23,0,1,47,21,23,6,1,1,0
"2020-02-26T18:00:00","Italy","Friuli Venezia Giulia",0,0,0,0,0,0,0,0,0,0,0
"2020-02-26T18:00:00","Italy","Lazio",0,0,3,0,3,0,-1,-2,-1,0,2
"2020-02-26T18:00:00","Italy","Liguria",0,6,0,0,11,10,6,5,0,0,0
"2020-02-26T18:00:00","Italy","Lombardia",25,104,0,9,258,18,95,0,0,0,0
"2020-02-26T18:00:00","Italy","Marche",0,1,0,0,1,1,1,1,0,0,0
"2020-02-26T18:00:00","Italy","Molise",0,0,0,0,0,0,0,0,0,0,0
"2020-02-26T18:00:00","Italy","Piemonte",0,2,0,0,3,0,2,0,0,0,0
"2020-02-26T18:00:00","Italy","Puglia",0,0,0,0,0,0,0,0,0,0,0
"2020-02-26T18:00:00","Italy","Sardegna",0,0,0,0,0,0,0,0,0,0,0
"2020-02-26T18:00:00","Italy","Sicilia",0,1,0,0,3,0,1,-1,0,0,0
"2020-02-26T18:00:00","Italy","Toscana",0,2,0,0,2,0,2,0,0,0,0
"2020-02-26T18:00:00","Italy","P.A. Trento",0,0,0,0,0,0,0,0,0,0,0
"2020-02-26T18:00:00","Italy","Umbria",0,0,0,0,0,0,0,0,0,0,0
"2020-02-26T18:00:00","Italy","Valle d'Aosta",0,0,0,0,0,0,0,0,0,0,0
"2020-02-26T18:00:00","Italy","Veneto",8,24,0,2,71,28,23,5,1,1,0
"2020-02-27T18:00:00","Italy","Abruzzo",0,1,0,0,1,1,1,1,0,0,0
"2020-02-27T18:00:00","Italy","Basilicata",0,0,0,0,0,0,0,0,0,0,0
"2020-02-27T18:00:00","Italy","P.A. Bolzano",0,1,0,0,1,0,1,0,0,0,0
"2020-02-27T18:00:00","Italy","Calabria",0,0,0,0,0,0,0,0,0,0,0
"2020-02-27T18:00:00","Italy","Campania",0,2,0,0,3,3,2,2,0,0,0
"2020-02-27T18:00:00","Italy","Emilia Romagna",6,42,0,1,97,50,41,19,3,0,0
"2020-02-27T18:00:00","Italy","Friuli Venezia Giulia",0,0,0,0,0,0,0,0,0,0,0
"2020-02-27T18:00:00","Italy","Lazio",0,0,3,0,3,0,-3,0,0,0,0
"2020-02-27T18:00:00","Italy","Liguria",0,9,0,0,19,8,9,3,0,0,0
"2020-02-27T18:00:00","Italy","Lombardia",41,213,40,14,403,145,204,109,16,5,40
"2020-02-27T18:00:00","Italy","Marche",1,3,0,0,3,2,3,2,1,0,0
"2020-02-27T18:00:00","Italy","Molise",0,0,0,0,0,0,0,0,0,0,0
"2020-02-27T18:00:00","Italy","Piemonte",0,2,0,0,2,-1,2,0,0,0,0
"2020-02-27T18:00:00","Italy","Puglia",0,1,0,0,1,1,1,1,0,0,0
"2020-02-27T18:00:00","Italy","Sardegna",0,0,0,0,0,0,0,0,0,0,0
"2020-02-27T18:00:00","Italy","Sicilia",0,1,2,0,4,1,1,0,0,0,2
"2020-02-27T18:00:00","Italy","Toscana",0,2,0,0,2,0,2,0,0,0,0
"2020-02-27T18:00:00","Italy","P.A. Trento",0,0,0,0,0,0,0,0,0,0,0
"2020-02-27T18:00:00","Italy","Umbria",0,0,0,0,0,0,0,0,0,0,0
"2020-02-27T18:00:00","Italy","Valle d'Aosta",0,0,0,0,0,0,0,0,0,0,0
"2020-02-27T18:00:00","Italy","Veneto",8,27,0,2,111,40,25,3,0,0,0
"2020-02-28T18:00:00","Italy","Abruzzo",0,1,0,0,1,0,1,0,0,0,0
"2020-02-28T18:00:00","Italy","Basilicata",0,0,0,0,0,0,0,0,0,0,0
"2020-02-28T18:00:00","Italy","P.A. Bolzano",0,1,0,0,1,0,1,0,0,0,0
"2020-02-28T18:00:00","Italy","Calabria",0,0,0,0,1,1,0,0,0,0,0
"2020-02-28T18:00:00","Italy","Campania",0,2,0,0,4,1,2,0,0,0,0
"2020-02-28T18:00:00","Italy","Emilia Romagna",6,62,0,2,145,48,61,20,0,1,0
"2020-02-28T18:00:00","Italy","Friuli Venezia Giulia",0,0,0,0,0,0,0,0,0,0,0
"2020-02-28T18:00:00","Italy","Lazio",0,0,3,0,3,0,-3,0,0,0,0
"2020-02-28T18:00:00","Italy","Liguria",0,9,0,0,19,0,9,0,0,0,0
"2020-02-28T18:00:00","Italy","Lombardia",47,282,40,17,531,128,228,69,6,3,0
"2020-02-28T18:00:00","Italy","Marche",2,5,0,0,6,3,5,2,1,0,0
"2020-02-28T18:00:00","Italy","Molise",0,0,0,0,0,0,0,0,0,0,0
"2020-02-28T18:00:00","Italy","Piemonte",0,7,0,0,11,9,7,5,0,0,0
"2020-02-28T18:00:00","Italy","Puglia",0,1,0,0,3,2,1,0,0,0,0
"2020-02-28T18:00:00","Italy","Sardegna",0,0,0,0,0,0,0,0,0,0,0
"2020-02-28T18:00:00","Italy","Sicilia",0,1,2,0,4,0,-1,0,0,0,0
"2020-02-28T18:00:00","Italy","Toscana",0,5,1,0,8,6,5,3,0,0,1
"2020-02-28T18:00:00","Italy","P.A. Trento",0,0,0,0,0,0,0,0,0,0,0
"2020-02-28T18:00:00","Italy","Umbria",0,0,0,0,0,0,0,0,0,0,0
"2020-02-28T18:00:00","Italy","Valle d'Aosta",0,0,0,0,0,0,0,0,0,0,0
"2020-02-28T18:00:00","Italy","Veneto",9,33,0,2,151,40,31,6,1,0,0
"2020-02-29T17:00:00","Italy","Abruzzo",0,2,0,0,2,1,2,1,0,0,0
"2020-02-29T17:00:00","Italy","Basilicata",0,0,0,0,0,0,0,0,0,0,0
"2020-02-29T17:00:00","Italy","P.A. Bolzano",0,1,0,0,1,0,1,0,0,0,0
"2020-02-29T17:00:00","Italy","Calabria",0,0,0,0,1,0,0,0,0,0,0
"2020-02-29T17:00:00","Italy","Campania",0,3,0,0,13,9,3,1,0,0,0
"2020-02-29T17:00:00","Italy","Emilia Romagna",11,97,0,4,217,72,95,35,5,2,0
"2020-02-29T17:00:00","Italy","Friuli Venezia Giulia",0,0,0,0,0,0,0,0,0,0,0
"2020-02-29T17:00:00","Italy","Lazio",0,3,3,0,6,3,0,3,0,0,0
"2020-02-29T17:00:00","Italy","Liguria",1,5,4,0,42,23,5,-4,1,0,4
"2020-02-29T17:00:00","Italy","Lombardia",80,336,40,23,615,84,279,54,33,6,0
"2020-02-29T17:00:00","Italy","Marche",2,8,0,0,11,5,8,3,0,0,0
"2020-02-29T17:00:00","Italy","Molise",0,0,0,0,0,0,0,0,0,0,0
"2020-02-29T17:00:00","Italy","Piemonte",0,7,0,0,11,0,7,0,0,0,0
"2020-02-29T17:00:00","Italy","Puglia",0,1,0,0,3,0,1,0,0,0,0
"2020-02-29T17:00:00","Italy","Sardegna",0,0,0,0,0,0,0,0,0,0,0
"2020-02-29T17:00:00","Italy","Sicilia",0,1,2,0,4,0,-1,0,0,0,0
"2020-02-29T17:00:00","Italy","Toscana",0,7,1,0,11,3,6,2,0,0,0
"2020-02-29T17:00:00","Italy","P.A. Trento",0,0,0,0,0,0,0,0,0,0,0
"2020-02-29T17:00:00","Italy","Umbria",0,0,0,0,0,0,0,0,0,0,0
"2020-02-29T17:00:00","Italy","Valle d'Aosta",0,0,0,0,0,0,0,0,0,0,0
"2020-02-29T17:00:00","Italy","Veneto",11,35,0,2,191,40,33,2,2,0,0
"2020-03-01T17:00:00","Italy","Abruzzo",0,3,0,0,5,3,3,1,0,0,0
"2020-03-01T17:00:00","Italy","Basilicata",0,0,0,0,0,0,0,0,0,0,0
"2020-03-01T17:00:00","Italy","P.A. Bolzano",0,1,0,0,1,0,1,0,0,0,0
"2020-03-01T17:00:00","Italy","Calabria",0,0,0,0,1,0,0,0,0,0,0
"2020-03-01T17:00:00","Italy","Campania",0,4,0,0,17,4,4,1,0,0,0
"2020-03-01T17:00:00","Italy","Emilia Romagna",13,140,0,8,285,68,136,43,2,4,0
"2020-03-01T17:00:00","Italy","Friuli Venezia Giulia",0,0,0,0,6,6,0,0,0,0,0
"2020-03-01T17:00:00","Italy","Lazio",0,3,3,0,6,0,0,0,0,0,0
"2020-03-01T17:00:00","Italy","Liguria",1,13,4,0,25,-17,9,8,0,0,0
"2020-03-01T17:00:00","Italy","Lombardia",106,512,73,24,984,369,449,176,26,1,33
"2020-03-01T17:00:00","Italy","Marche",5,17,0,0,25,14,17,9,3,0,0
"2020-03-01T17:00:00","Italy","Molise",0,0,0,0,0,0,0,0,0,0,0
"2020-03-01T17:00:00","Italy","Piemonte",2,13,0,0,49,38,13,6,2,0,0
"2020-03-01T17:00:00","Italy","Puglia",0,1,0,0,3,0,1,0,0,0,0
"2020-03-01T17:00:00","Italy","Sardegna",0,0,0,0,0,0,0,0,0,0,0
"2020-03-01T17:00:00","Italy","Sicilia",0,1,2,0,9,5,-1,0,0,0,0
"2020-03-01T17:00:00","Italy","Toscana",0,7,1,0,13,2,6,0,0,0,0
"2020-03-01T17:00:00","Italy","P.A. Trento",0,0,0,0,0,0,0,0,0,0,0
"2020-03-01T17:00:00","Italy","Umbria",0,0,0,0,2,2,0,0,0,0,0
"2020-03-01T17:00:00","Italy","Valle d'Aosta",0,0,0,0,0,0,0,0,0,0,0
"2020-03-01T17:00:00","Italy","Veneto",13,64,0,2,263,72,62,29,2,0,0
"2020-03-02T18:00:00","Italy","Abruzzo",0,3,0,0,5,0,3,0,0,0,0
"2020-03-02T18:00:00","Italy","Basilicata",0,0,0,0,0,0,0,0,0,0,0
"2020-03-02T18:00:00","Italy","P.A. Bolzano",0,1,0,0,1,0,1,0,0,0,0
"2020-03-02T18:00:00","Italy","Calabria",0,0,0,0,1,0,0,0,0,0,0
"2020-03-02T18:00:00","Italy","Campania",0,4,0,0,17,0,4,0,0,0,0
"2020-03-02T18:00:00","Italy","Emilia Romagna",16,164,0,11,335,50,156,24,3,3,0
"2020-03-02T18:00:00","Italy","Friuli Venezia Giulia",0,0,0,0,9,3,0,0,0,0,0
"2020-03-02T18:00:00","Italy","Lazio",0,3,3,0,7,1,0,0,0,0,0
"2020-03-02T18:00:00","Italy","Liguria",1,13,4,0,22,-3,9,0,0,0,0
"2020-03-02T18:00:00","Italy","Lombardia",127,605,139,38,1254,270,508,93,21,14,66
"2020-03-02T18:00:00","Italy","Marche",6,23,0,1,35,10,23,6,1,1,0
"2020-03-02T18:00:00","Italy","Molise",0,0,0,0,0,0,0,0,0,0,0
"2020-03-02T18:00:00","Italy","Piemonte",2,14,0,0,51,2,14,1,0,0,0
"2020-03-02T18:00:00","Italy","Puglia",0,2,0,0,4,1,2,1,0,0,0
"2020-03-02T18:00:00","Italy","Sardegna",0,0,0,0,0,0,0,0,0,0,0
"2020-03-02T18:00:00","Italy","Sicilia",0,2,2,0,7,-2,0,1,0,0,0
"2020-03-02T18:00:00","Italy","Toscana",0,7,1,0,13,0,6,0,0,0,0
"2020-03-02T18:00:00","Italy","P.A. Trento",0,0,0,0,0,0,0,0,0,0,0
"2020-03-02T18:00:00","Italy","Umbria",0,0,0,0,2,0,0,0,0,0,0
"2020-03-02T18:00:00","Italy","Valle d'Aosta",0,0,0,0,0,0,0,0,0,0,0
"2020-03-02T18:00:00","Italy","Veneto",14,67,0,2,273,10,65,3,1,0,0
"2020-03-03T18:00:00","Italy","Abruzzo",0,5,0,0,6,1,5,2,0,0,0
"2020-03-03T18:00:00","Italy","Basilicata",0,0,0,0,1,1,0,0,0,0,0
"2020-03-03T18:00:00","Italy","P.A. Bolzano",0,1,0,0,1,0,1,0,0,0,0
"2020-03-03T18:00:00","Italy","Calabria",0,0,0,0,1,0,0,0,0,0,0
"2020-03-03T18:00:00","Italy","Campania",0,11,0,0,30,13,11,7,0,0,0
"2020-03-03T18:00:00","Italy","Emilia Romagna",24,211,4,18,420,85,200,47,8,7,4
"2020-03-03T18:00:00","Italy","Friuli Venezia Giulia",0,1,0,0,13,4,1,1,0,0,0
"2020-03-03T18:00:00","Italy","Lazio",0,10,3,0,14,7,7,7,0,0,0
"2020-03-03T18:00:00","Italy","Liguria",2,14,4,1,24,2,10,1,1,1,0
"2020-03-03T18:00:00","Italy","Lombardia",167,865,139,55,1520,266,688,260,40,17,0
"2020-03-03T18:00:00","Italy","Marche",13,40,0,2,61,26,39,17,7,1,0
"2020-03-03T18:00:00","Italy","Molise",0,3,0,0,3,3,3,3,0,0,0
"2020-03-03T18:00:00","Italy","Piemonte",3,16,0,0,56,5,16,2,1,0,0
"2020-03-03T18:00:00","Italy","Puglia",0,2,0,0,6,2,2,0,0,0,0
"2020-03-03T18:00:00","Italy","Sardegna",0,1,0,0,1,1,1,1,0,0,0
"2020-03-03T18:00:00","Italy","Sicilia",0,2,2,0,7,0,0,0,0,0,0
"2020-03-03T18:00:00","Italy","Toscana",0,10,1,0,19,6,9,3,0,0,0
"2020-03-03T18:00:00","Italy","P.A. Trento",0,1,0,0,4,4,1,1,0,0,0
"2020-03-03T18:00:00","Italy","Umbria",1,2,0,0,8,6,2,2,1,0,0
"2020-03-03T18:00:00","Italy","Valle d'Aosta",0,0,0,0,0,0,0,0,0,0,0
"2020-03-03T18:00:00","Italy","Veneto",19,68,7,3,307,34,66,1,5,1,7
"2020-03-04T17:00:00","Italy","Abruzzo",0,7,0,0,7,1,7,2,0,0,0
"2020-03-04T17:00:00","Italy","Basilicata",0,0,0,0,1,0,0,0,0,0,0
"2020-03-04T17:00:00","Italy","P.A. Bolzano",0,1,0,0,1,0,1,0,0,0,0
"2020-03-04T17:00:00","Italy","Calabria",0,0,0,0,1,0,0,0,0,0,0
"2020-03-04T17:00:00","Italy","Campania",0,11,0,0,31,1,11,0,0,0,0
"2020-03-04T17:00:00","Italy","Emilia Romagna",26,282,6,22,544,124,260,71,2,4,2
"2020-03-04T17:00:00","Italy","Friuli Venezia Giulia",0,3,0,0,18,5,3,2,0,0,0
"2020-03-04T17:00:00","Italy","Lazio",3,18,3,0,30,16,15,8,3,0,0
"2020-03-04T17:00:00","Italy","Liguria",3,13,4,1,26,2,8,-1,1,0,0
"2020-03-04T17:00:00","Italy","Lombardia",209,1086,250,73,1820,300,892,221,42,18,111
"2020-03-04T17:00:00","Italy","Marche",15,49,0,4,84,23,47,9,2,2,0
"2020-03-04T17:00:00","Italy","Molise",0,3,0,0,3,0,3,0,0,0,0
"2020-03-04T17:00:00","Italy","Piemonte",13,39,0,0,82,26,39,23,10,0,0
"2020-03-04T17:00:00","Italy","Puglia",0,4,1,1,9,3,4,2,0,1,1
"2020-03-04T17:00:00","Italy","Sardegna",0,1,0,0,2,1,1,0,0,0,0
"2020-03-04T17:00:00","Italy","Sicilia",0,5,2,0,18,11,3,3,0,0,0
"2020-03-04T17:00:00","Italy","Toscana",2,17,1,0,38,19,16,7,2,0,0
"2020-03-04T17:00:00","Italy","P.A. Trento",0,1,0,0,5,1,1,0,0,0,0
"2020-03-04T17:00:00","Italy","Umbria",1,2,0,0,9,1,2,0,0,0,0
"2020-03-04T17:00:00","Italy","Valle d'Aosta",0,0,0,0,0,0,0,0,0,0,0
"2020-03-04T17:00:00","Italy","Veneto",23,99,9,6,360,53,89,31,4,3,2
"2020-03-05T17:00:00","Italy","Abruzzo",0,8,0,0,8,1,8,1,0,0,0
"2020-03-05T17:00:00","Italy","Basilicata",0,0,0,0,1,0,0,0,0,0,0
"2020-03-05T17:00:00","Italy","P.A. Bolzano",0,1,0,0,1,0,1,0,0,0,0
"2020-03-05T17:00:00","Italy","Calabria",0,1,0,0,2,1,1,1,0,0,0
"2020-03-05T17:00:00","Italy","Campania",0,12,0,0,45,14,12,1,0,0,0
"2020-03-05T17:00:00","Italy","Emilia Romagna",32,359,10,30,698,154,331,77,6,8,4
"2020-03-05T17:00:00","Italy","Friuli Venezia Giulia",0,4,0,0,21,3,4,1,0,0,0
"2020-03-05T17:00:00","Italy","Lazio",7,27,3,0,44,14,24,9,4,0,0
"2020-03-05T17:00:00","Italy","Liguria",3,14,4,3,28,2,9,1,0,2,0
"2020-03-05T17:00:00","Italy","Lombardia",244,1413,376,98,2251,431,1090,327,35,25,126
"2020-03-05T17:00:00","Italy","Marche",19,76,0,4,124,40,72,27,4,0,0
"2020-03-05T17:00:00","Italy","Molise",0,4,0,0,7,4,4,1,0,0,0
"2020-03-05T17:00:00","Italy","Piemonte",17,60,0,2,108,26,60,21,4,2,0
"2020-03-05T17:00:00","Italy","Puglia",1,6,1,1,14,5,4,2,1,0,0
"2020-03-05T17:00:00","Italy","Sardegna",0,2,0,0,2,0,2,1,0,0,0
"2020-03-05T17:00:00","Italy","Sicilia",0,5,2,0,18,0,3,0,0,0,0
"2020-03-05T17:00:00","Italy","Toscana",3,29,1,0,61,23,28,12,1,0,0
"2020-03-05T17:00:00","Italy","P.A. Trento",0,2,0,0,7,2,2,1,0,0,0
"2020-03-05T17:00:00","Italy","Umbria",1,2,0,0,9,0,2,0,0,0,0
"2020-03-05T17:00:00","Italy","Valle d'Aosta",0,0,0,0,2,2,0,0,0,0,0
"2020-03-05T17:00:00","Italy","Veneto",24,116,17,10,407,47,101,17,1,4,8
"2020-03-06T17:00:00","Italy","Abruzzo",0,9,0,0,9,1,9,1,0,0,0
"2020-03-06T17:00:00","Italy","Basilicata",0,1,0,0,3,2,1,1,0,0,0
"2020-03-06T17:00:00","Italy","P.A. Bolzano",0,4,0,0,4,3,4,3,0,0,0
"2020-03-06T17:00:00","Italy","Calabria",0,2,0,0,4,2,2,1,0,0,0
"2020-03-06T17:00:00","Italy","Campania",0,12,0,0,57,12,12,0,0,0,0
"2020-03-06T17:00:00","Italy","Emilia Romagna",53,450,17,37,870,172,410,91,21,7,7
"2020-03-06T17:00:00","Italy","Friuli Venezia Giulia",0,4,3,0,31,10,4,0,0,0,3
"2020-03-06T17:00:00","Italy","Lazio",8,34,3,1,54,10,31,7,1,1,0
"2020-03-06T17:00:00","Italy","Liguria",5,17,5,3,32,4,10,3,2,0,1
"2020-03-06T17:00:00","Italy","Lombardia",309,1931,469,135,2612,361,1457,518,65,37,93
"2020-03-06T17:00:00","Italy","Marche",20,93,0,4,159,35,89,17,1,0,0
"2020-03-06T17:00:00","Italy","Molise",2,5,0,0,12,5,5,1,2,0,0
"2020-03-06T17:00:00","Italy","Piemonte",30,87,0,4,143,35,85,27,13,2,0
"2020-03-06T17:00:00","Italy","Puglia",1,6,1,1,17,3,4,0,0,0,0
"2020-03-06T17:00:00","Italy","Sardegna",0,2,0,0,5,3,2,0,0,0,0
"2020-03-06T17:00:00","Italy","Sicilia",0,7,2,0,24,6,5,2,0,0,0
"2020-03-06T17:00:00","Italy","Toscana",5,40,1,0,79,18,39,11,2,0,0
"2020-03-06T17:00:00","Italy","P.A. Trento",0,4,0,0,10,3,4,2,0,0,0
"2020-03-06T17:00:00","Italy","Umbria",2,4,0,0,16,7,4,2,1,0,0
"2020-03-06T17:00:00","Italy","Valle d'Aosta",0,0,0,0,7,5,0,0,0,0,0
"2020-03-06T17:00:00","Italy","Veneto",27,144,22,12,488,81,117,28,3,2,5
"2020-03-07T18:00:00","Italy","Abruzzo",0,11,0,0,11,2,11,2,0,0,0
"2020-03-07T18:00:00","Italy","Basilicata",0,1,0,0,3,0,1,0,0,0,0
"2020-03-07T18:00:00","Italy","P.A. Bolzano",0,8,0,0,9,5,8,4,0,0,0
"2020-03-07T18:00:00","Italy","Calabria",0,2,0,0,4,0,2,0,0,0,0
"2020-03-07T18:00:00","Italy","Campania",0,16,0,0,61,4,16,4,0,0,0
"2020-03-07T18:00:00","Italy","Emilia Romagna",64,528,25,48,1010,140,474,78,11,11,8
"2020-03-07T18:00:00","Italy","Friuli Venezia Giulia",1,8,3,0,42,11,5,4,1,0,0
"2020-03-07T18:00:00","Italy","Lazio",8,51,3,1,76,22,47,17,0,0,0
"2020-03-07T18:00:00","Italy","Liguria",6,32,5,4,51,19,24,15,1,1,0
"2020-03-07T18:00:00","Italy","Lombardia",359,2020,524,154,3420,808,1416,89,50,19,55
"2020-03-07T18:00:00","Italy","Marche",36,130,0,6,207,48,126,37,16,2,0
"2020-03-07T18:00:00","Italy","Molise",2,5,0,0,14,2,5,0,0,0,0
"2020-03-07T18:00:00","Italy","Piemonte",38,148,0,5,207,64,144,61,8,1,0
"2020-03-07T18:00:00","Italy","Puglia",2,11,1,2,26,9,9,5,1,1,0
"2020-03-07T18:00:00","Italy","Sardegna",0,2,0,0,5,0,2,0,0,0,0
"2020-03-07T18:00:00","Italy","Sicilia",0,8,2,0,35,11,6,1,0,0,0
"2020-03-07T18:00:00","Italy","Toscana",7,61,1,0,113,34,60,21,2,0,0
"2020-03-07T18:00:00","Italy","P.A. Trento",1,7,0,0,14,4,7,3,1,0,0
"2020-03-07T18:00:00","Italy","Umbria",2,4,0,0,24,8,4,0,0,0,0
"2020-03-07T18:00:00","Italy","Valle d'Aosta",0,1,0,0,8,1,1,1,0,0,0
"2020-03-07T18:00:00","Italy","Veneto",41,164,25,13,543,55,130,20,14,1,3
"2020-03-08T18:00:00","Italy","Abruzzo",0,14,0,0,17,6,14,3,0,0,0
"2020-03-08T18:00:00","Italy","Basilicata",0,2,0,0,4,1,2,1,0,0,0
"2020-03-08T18:00:00","Italy","P.A. Bolzano",0,8,0,0,9,0,8,0,0,0,0
"2020-03-08T18:00:00","Italy","Calabria",0,5,0,0,9,5,5,3,0,0,0
"2020-03-08T18:00:00","Italy","Campania",7,37,1,0,101,40,37,21,7,0,1
"2020-03-08T18:00:00","Italy","Emilia Romagna",75,617,27,56,1180,170,544,89,11,8,2
"2020-03-08T18:00:00","Italy","Friuli Venezia Giulia",1,8,3,1,57,15,5,0,0,1,0
"2020-03-08T18:00:00","Italy","Lazio",8,55,3,3,87,11,51,4,0,2,0
"2020-03-08T18:00:00","Italy","Liguria",11,50,5,6,78,27,41,18,5,2,0
"2020-03-08T18:00:00","Italy","Lombardia",399,2616,550,267,4189,769,1938,596,40,113,26
"2020-03-08T18:00:00","Italy","Marche",41,151,0,7,272,65,145,21,5,1,0
"2020-03-08T18:00:00","Italy","Molise",2,6,0,0,14,0,6,1,0,0,0
"2020-03-08T18:00:00","Italy","Piemonte",45,290,0,5,360,153,285,142,7,0,0
"2020-03-08T18:00:00","Italy","Puglia",3,20,1,3,40,14,17,9,1,1,0
"2020-03-08T18:00:00","Italy","Sardegna",0,5,0,0,11,6,5,3,0,0,0
"2020-03-08T18:00:00","Italy","Sicilia",0,18,2,0,53,18,16,10,0,0,0
"2020-03-08T18:00:00","Italy","Toscana",7,98,1,0,166,53,97,37,0,0,0
"2020-03-08T18:00:00","Italy","P.A. Trento",2,9,0,0,23,9,9,2,1,0,0
"2020-03-08T18:00:00","Italy","Umbria",2,4,0,0,26,2,4,0,0,0,0
"2020-03-08T18:00:00","Italy","Valle d'Aosta",0,1,0,0,9,1,1,0,0,0,0
"2020-03-08T18:00:00","Italy","Veneto",47,193,29,18,670,127,155,29,6,5,4
"2020-03-09T18:00:00","Italy","Abruzzo",0,25,0,0,30,13,25,11,0,0,0
"2020-03-09T18:00:00","Italy","Basilicata",0,2,0,0,5,1,2,0,0,0,0
"2020-03-09T18:00:00","Italy","P.A. Bolzano",0,8,0,0,9,0,8,0,0,0,0
"2020-03-09T18:00:00","Italy","Calabria",0,8,2,0,11,2,8,3,0,0,2
"2020-03-09T18:00:00","Italy","Campania",8,50,1,0,120,19,49,13,1,0,0
"2020-03-09T18:00:00","Italy","Emilia Romagna",90,666,30,70,1386,206,583,49,15,14,3
"2020-03-09T18:00:00","Italy","Friuli Venezia Giulia",1,19,3,1,93,36,15,11,0,0,0
"2020-03-09T18:00:00","Italy","Lazio",8,63,3,5,102,15,57,8,0,2,0
"2020-03-09T18:00:00","Italy","Liguria",17,77,5,7,109,31,66,27,6,1,0
"2020-03-09T18:00:00","Italy","Lombardia",440,3242,646,333,5469,1280,2425,626,41,66,96
"2020-03-09T18:00:00","Italy","Marche",47,183,0,10,323,51,176,32,6,3,0
"2020-03-09T18:00:00","Italy","Molise",2,6,0,0,14,0,6,0,0,0,0
"2020-03-09T18:00:00","Italy","Piemonte",50,272,0,13,350,-10,267,-18,5,8,0
"2020-03-09T18:00:00","Italy","Puglia",6,26,1,3,50,10,22,6,3,0,0
"2020-03-09T18:00:00","Italy","Sardegna",0,8,0,0,19,8,8,3,0,0,0
"2020-03-09T18:00:00","Italy","Sicilia",0,19,2,0,54,1,17,1,0,0,0
"2020-03-09T18:00:00","Italy","Toscana",9,116,1,1,208,42,115,18,2,1,0
"2020-03-09T18:00:00","Italy","P.A. Trento",2,12,0,0,33,10,12,3,0,0,0
"2020-03-09T18:00:00","Italy","Umbria",2,6,0,0,28,2,6,2,0,0,0
"2020-03-09T18:00:00","Italy","Valle d'Aosta",0,4,0,0,15,6,4,3,0,0,0
"2020-03-09T18:00:00","Italy","Veneto",51,237,30,20,744,74,190,44,4,2,1
"2020-03-10T18:00:00","Italy","Abruzzo",9,26,0,1,38,8,26,1,9,1,0
"2020-03-10T18:00:00","Italy","Basilicata",0,2,0,0,7,2,2,0,0,0,0
"2020-03-10T18:00:00","Italy","P.A. Bolzano",1,18,0,0,38,29,18,10,1,0,0
"2020-03-10T18:00:00","Italy","Calabria",2,10,2,0,13,2,8,2,2,0,0
"2020-03-10T18:00:00","Italy","Campania",8,41,1,0,127,7,40,-9,0,0,0
"2020-03-10T18:00:00","Italy","Emilia Romagna",98,767,31,85,1533,147,667,101,8,15,1
"2020-03-10T18:00:00","Italy","Friuli Venezia Giulia",6,33,3,3,116,23,29,14,5,2,0
"2020-03-10T18:00:00","Italy","Lazio",15,65,11,6,116,14,57,2,7,1,8
"2020-03-10T18:00:00","Italy","Liguria",29,86,5,8,141,32,74,9,12,1,0
"2020-03-10T18:00:00","Italy","Lombardia",466,3785,896,468,5791,322,2806,543,26,135,250
"2020-03-10T18:00:00","Italy","Marche",54,206,0,13,394,71,196,23,7,3,0
"2020-03-10T18:00:00","Italy","Molise",3,6,0,0,15,1,6,0,1,0,0
"2020-03-10T18:00:00","Italy","Piemonte",66,372,0,17,453,103,359,100,16,4,0
"2020-03-10T18:00:00","Italy","Puglia",6,34,1,3,59,9,30,8,0,0,0
"2020-03-10T18:00:00","Italy","Sardegna",0,9,0,0,20,1,9,1,0,0,0
"2020-03-10T18:00:00","Italy","Sicilia",2,19,2,0,62,8,17,0,2,0,0
"2020-03-10T18:00:00","Italy","Toscana",40,131,3,1,264,56,129,15,31,0,2
"2020-03-10T18:00:00","Italy","P.A. Trento",3,22,2,0,52,19,22,10,1,0,2
"2020-03-10T18:00:00","Italy","Umbria",2,10,0,0,37,9,10,4,0,0,0
"2020-03-10T18:00:00","Italy","Valle d'Aosta",0,2,0,0,17,2,2,-2,0,0,0
"2020-03-10T18:00:00","Italy","Veneto",67,271,47,26,856,112,221,34,16,6,17
"2020-03-11T17:00:00","Italy","Abruzzo",9,26,0,1,38,0,25,0,0,0,0
"2020-03-11T17:00:00","Italy","Basilicata",1,2,0,0,8,1,2,0,1,0,0
"2020-03-11T17:00:00","Italy","P.A. Bolzano",4,12,0,0,75,37,12,-6,3,0,0
"2020-03-11T17:00:00","Italy","Calabria",2,12,2,0,19,6,10,2,0,0,0
"2020-03-11T17:00:00","Italy","Campania",11,67,4,1,154,27,66,26,3,1,3
"2020-03-11T17:00:00","Italy","Emilia Romagna",104,849,38,113,1739,206,733,82,6,28,7
"2020-03-11T17:00:00","Italy","Friuli Venezia Giulia",5,21,10,6,126,10,15,-12,-1,3,7
"2020-03-11T17:00:00","Italy","Lazio",18,85,19,6,150,34,68,20,3,0,8
"2020-03-11T17:00:00","Italy","Liguria",34,108,5,8,194,53,95,22,5,0,0
"2020-03-11T17:00:00","Italy","Lombardia",560,4412,900,617,7280,1489,3048,627,94,149,4
"2020-03-11T17:00:00","Italy","Marche",66,278,0,18,479,85,265,72,12,5,0
"2020-03-11T17:00:00","Italy","Molise",3,7,0,0,16,1,7,1,0,0,0
"2020-03-11T17:00:00","Italy","Piemonte",75,394,0,21,501,48,377,22,9,4,0
"2020-03-11T17:00:00","Italy","Puglia",4,42,1,5,77,18,38,8,-2,2,0
"2020-03-11T17:00:00","Italy","Sardegna",0,10,0,0,37,17,10,1,0,0,0
"2020-03-11T17:00:00","Italy","Sicilia",1,24,2,0,83,21,22,5,-1,0,0
"2020-03-11T17:00:00","Italy","Toscana",54,141,5,1,320,56,137,10,14,0,2
"2020-03-11T17:00:00","Italy","P.A. Trento",4,32,3,0,77,25,30,10,1,0,1
"2020-03-11T17:00:00","Italy","Umbria",5,12,2,0,46,9,12,2,3,0,2
"2020-03-11T17:00:00","Italy","Valle d'Aosta",0,2,0,1,20,3,2,0,0,1,0
"2020-03-11T17:00:00","Italy","Veneto",68,330,54,29,1023,167,257,59,1,3,7
"2020-03-12T17:00:00","Italy","Abruzzo",12,59,4,2,84,46,58,33,3,1,4
"2020-03-12T17:00:00","Italy","Basilicata",1,2,0,0,8,0,2,0,0,0,0
"2020-03-12T17:00:00","Italy","P.A. Bolzano",4,25,0,1,104,29,25,13,0,1,0
"2020-03-12T17:00:00","Italy","Calabria",2,16,1,0,33,14,14,4,0,0,-1
"2020-03-12T17:00:00","Italy","Campania",11,67,4,1,179,25,62,0,0,0,0
"2020-03-12T17:00:00","Italy","Emilia Romagna",112,926,43,146,1947,208,775,77,8,33,5
"2020-03-12T17:00:00","Italy","Friuli Venezia Giulia",10,33,11,8,167,41,17,12,5,2,1
"2020-03-12T17:00:00","Italy","Lazio",20,105,19,9,200,50,80,20,2,3,0
"2020-03-12T17:00:00","Italy","Liguria",36,136,20,11,274,80,123,28,2,3,15
"2020-03-12T17:00:00","Italy","Lombardia",605,4852,1085,744,8725,1445,3335,440,45,127,185
"2020-03-12T17:00:00","Italy","Marche",76,330,0,22,592,113,312,52,10,4,0
"2020-03-12T17:00:00","Italy","Molise",3,7,0,0,16,0,7,0,0,0,0
"2020-03-12T17:00:00","Italy","Piemonte",97,465,0,26,580,79,444,71,22,5,0
"2020-03-12T17:00:00","Italy","Puglia",2,60,1,5,104,27,54,18,-2,0,0
"2020-03-12T17:00:00","Italy","Sardegna",0,12,0,0,39,2,12,2,0,0,0
"2020-03-12T17:00:00","Italy","Sicilia",5,33,2,2,115,32,31,9,4,2,0
"2020-03-12T17:00:00","Italy","Toscana",59,159,7,5,364,44,153,18,5,4,2
"2020-03-12T17:00:00","Italy","P.A. Trento",5,48,4,1,107,30,45,16,1,1,1
"2020-03-12T17:00:00","Italy","Umbria",8,16,2,0,64,18,14,4,3,0,0
"2020-03-12T17:00:00","Italy","Valle d'Aosta",0,7,0,1,27,7,6,5,0,0,0
"2020-03-12T17:00:00","Italy","Veneto",85,445,55,32,1384,361,362,115,17,3,1
"2020-03-13T17:00:00","Italy","Abruzzo",14,56,4,2,89,5,50,-3,2,0,0
"2020-03-13T17:00:00","Italy","Basilicata",1,2,0,0,10,2,2,0,0,0,0
"2020-03-13T17:00:00","Italy","P.A. Bolzano",5,25,0,2,125,21,24,0,1,1,0
"2020-03-13T17:00:00","Italy","Calabria",3,21,1,0,38,5,20,5,1,0,0
"2020-03-13T17:00:00","Italy","Campania",19,79,5,2,220,41,74,12,8,1,1
"2020-03-13T17:00:00","Italy","Emilia Romagna",128,1070,51,201,2263,316,881,144,16,55,8
"2020-03-13T17:00:00","Italy","Friuli Venezia Giulia",8,67,11,10,257,90,48,34,-2,2,0
"2020-03-13T17:00:00","Italy","Lazio",24,146,24,11,277,77,118,41,4,2,5
"2020-03-13T17:00:00","Italy","Liguria",44,172,24,17,345,71,141,36,8,6,4
"2020-03-13T17:00:00","Italy","Lombardia",650,5085,1198,890,9820,1095,3256,233,45,146,113
"2020-03-13T17:00:00","Italy","Marche",85,422,0,27,725,133,400,92,9,5,0
"2020-03-13T17:00:00","Italy","Molise",3,8,0,0,17,1,8,1,0,0,0
"2020-03-13T17:00:00","Italy","Piemonte",135,691,0,46,840,260,665,226,38,20,0
"2020-03-13T17:00:00","Italy","Puglia",2,79,3,5,129,25,73,19,0,0,2
"2020-03-13T17:00:00","Italy","Sardegna",0,12,0,0,43,4,12,0,0,0,0
"2020-03-13T17:00:00","Italy","Sicilia",7,44,2,2,130,15,40,11,2,0,0
"2020-03-13T17:00:00","Italy","Toscana",77,211,10,5,470,106,199,52,18,0,3
"2020-03-13T17:00:00","Italy","P.A. Trento",6,64,4,2,163,56,59,16,1,1,0
"2020-03-13T17:00:00","Italy","Umbria",10,21,2,1,76,12,19,5,2,1,0
"2020-03-13T17:00:00","Italy","Valle d'Aosta",0,6,0,1,28,1,5,-1,0,0,0
"2020-03-13T17:00:00","Italy","Veneto",107,473,100,42,1595,211,386,28,22,10,45
"2020-03-14T17:00:00","Italy","Abruzzo",14,65,4,2,112,23,59,9,0,0,0
"2020-03-14T17:00:00","Italy","Basilicata",2,2,0,0,10,0,2,0,1,0,0
"2020-03-14T17:00:00","Italy","P.A. Bolzano",7,33,0,3,173,48,31,8,2,1,0
"2020-03-14T17:00:00","Italy","Calabria",4,26,1,0,60,22,25,5,1,0,0
"2020-03-14T17:00:00","Italy","Campania",17,89,23,6,272,52,82,10,-2,4,18
"2020-03-14T17:00:00","Italy","Emilia Romagna",152,1228,54,241,2644,381,976,158,24,40,3
"2020-03-14T17:00:00","Italy","Friuli Venezia Giulia",11,78,17,13,301,44,57,11,3,3,6
"2020-03-14T17:00:00","Italy","Lazio",25,206,24,13,357,80,171,60,1,2,0
"2020-03-14T17:00:00","Italy","Liguria",62,275,52,27,463,118,234,103,18,10,28
"2020-03-14T17:00:00","Italy","Lombardia",732,5630,1660,966,11685,1865,3542,545,82,76,462
"2020-03-14T17:00:00","Italy","Marche",93,542,0,36,899,174,515,120,8,9,0
"2020-03-14T17:00:00","Italy","Molise",3,8,0,0,17,0,8,0,0,0,0
"2020-03-14T17:00:00","Italy","Piemonte",150,688,0,59,873,33,642,-3,15,13,0
"2020-03-14T17:00:00","Italy","Puglia",6,97,2,8,166,37,89,18,4,3,-1
"2020-03-14T17:00:00","Italy","Sardegna",0,14,0,0,47,4,14,2,0,0,0
"2020-03-14T17:00:00","Italy","Sicilia",11,53,4,2,156,26,49,9,4,0,2
"2020-03-14T17:00:00","Italy","Toscana",87,247,10,6,630,160,232,36,10,1,0
"2020-03-14T17:00:00","Italy","P.A. Trento",12,80,5,2,206,43,74,16,6,0,1
"2020-03-14T17:00:00","Italy","Umbria",11,32,3,1,107,31,29,11,1,0,1
"2020-03-14T17:00:00","Italy","Valle d'Aosta",0,12,0,1,42,14,11,6,0,0,0
"2020-03-14T17:00:00","Italy","Veneto",119,485,107,55,1937,342,343,12,12,13,7
"2020-03-15T17:00:00","Italy","Abruzzo",28,100,6,3,137,25,94,35,14,1,2
"2020-03-15T17:00:00","Italy","Basilicata",2,2,0,0,11,1,2,0,0,0,0
"2020-03-15T17:00:00","Italy","P.A. Bolzano",4,54,0,5,204,31,51,21,-3,2,0
"2020-03-15T17:00:00","Italy","Calabria",6,38,1,1,68,8,37,12,2,1,0
"2020-03-15T17:00:00","Italy","Campania",22,95,28,9,333,61,66,6,5,3,5
"2020-03-15T17:00:00","Italy","Emilia Romagna",169,1384,68,284,3093,449,1089,156,17,43,14
"2020-03-15T17:00:00","Italy","Friuli Venezia Giulia",12,110,17,14,347,46,80,32,1,1,0
"2020-03-15T17:00:00","Italy","Lazio",31,254,24,16,436,79,217,48,6,3,0
"2020-03-15T17:00:00","Italy","Liguria",66,319,33,33,559,96,240,44,4,6,-19
"2020-03-15T17:00:00","Italy","Lombardia",767,6267,2011,1218,13272,1587,3641,637,35,252,351
"2020-03-15T17:00:00","Italy","Marche",98,619,0,46,1133,234,583,77,5,10,0
"2020-03-15T17:00:00","Italy","Molise",4,7,0,0,17,0,7,-1,1,0,0
"2020-03-15T17:00:00","Italy","Piemonte",171,897,0,81,1111,238,838,209,21,22,0
"2020-03-15T17:00:00","Italy","Puglia",6,122,2,16,230,64,112,25,0,8,0
"2020-03-15T17:00:00","Italy","Sardegna",0,16,0,2,77,30,16,2,0,2,0
"2020-03-15T17:00:00","Italy","Sicilia",15,71,7,2,188,32,65,18,4,0,3
"2020-03-15T17:00:00","Italy","Toscana",107,282,10,8,781,151,266,35,20,2,0
"2020-03-15T17:00:00","Italy","P.A. Trento",19,92,5,6,378,172,85,12,7,4,0
"2020-03-15T17:00:00","Italy","Umbria",13,38,3,1,143,36,34,6,2,0,0
"2020-03-15T17:00:00","Italy","Valle d'Aosta",3,13,0,1,57,15,12,1,3,0,0
"2020-03-15T17:00:00","Italy","Veneto",129,555,120,63,2172,235,393,70,10,8,13
"2020-03-16T17:00:00","Italy","Abruzzo",37,108,7,4,176,39,99,8,9,1,1
"2020-03-16T17:00:00","Italy","Basilicata",2,3,0,0,12,1,3,1,0,0,0
"2020-03-16T17:00:00","Italy","P.A. Bolzano",11,64,0,6,241,37,59,10,7,1,0
"2020-03-16T17:00:00","Italy","Calabria",7,43,1,1,89,21,41,5,1,0,0
"2020-03-16T17:00:00","Italy","Campania",22,125,28,9,400,67,88,30,0,0,0
"2020-03-16T17:00:00","Italy","Emilia Romagna",197,1559,88,346,3522,429,1207,175,28,62,20
"2020-03-16T17:00:00","Italy","Friuli Venezia Giulia",19,115,18,22,386,39,84,5,7,8,1
"2020-03-16T17:00:00","Italy","Lazio",31,298,32,19,523,87,258,44,0,3,8
"2020-03-16T17:00:00","Italy","Liguria",73,328,42,50,667,108,262,9,7,17,9
"2020-03-16T17:00:00","Italy","Lombardia",823,6994,2368,1420,14649,1377,3765,727,56,202,357
"2020-03-16T17:00:00","Italy","Marche",110,638,0,57,1242,109,592,19,12,11,0
"2020-03-16T17:00:00","Italy","Molise",5,8,5,1,21,4,8,1,1,1,5
"2020-03-16T17:00:00","Italy","Piemonte",186,1231,0,111,1516,405,1150,334,15,30,0
"2020-03-16T17:00:00","Italy","Puglia",6,122,2,16,230,0,104,0,0,0,0
"2020-03-16T17:00:00","Italy","Sardegna",0,39,0,2,107,30,37,23,0,0,0
"2020-03-16T17:00:00","Italy","Sicilia",20,95,8,2,213,25,86,24,5,0,1
"2020-03-16T17:00:00","Italy","Toscana",107,282,11,14,866,85,264,0,0,6,1
"2020-03-16T17:00:00","Italy","P.A. Trento",19,92,5,6,378,0,81,0,0,0,0
"2020-03-16T17:00:00","Italy","Umbria",15,45,4,1,164,21,41,7,2,0,1
"2020-03-16T17:00:00","Italy","Valle d'Aosta",5,33,0,2,105,48,32,20,2,1,0
"2020-03-16T17:00:00","Italy","Veneto",156,654,130,69,2473,301,471,99,27,6,10
"2020-03-17T17:00:00","Italy","Abruzzo",32,126,7,6,229,53,115,18,-5,2,0
"2020-03-17T17:00:00","Italy","Basilicata",2,7,0,0,20,8,7,4,0,0,0
"2020-03-17T17:00:00","Italy","P.A. Bolzano",11,82,1,8,291,50,76,18,0,2,1
"2020-03-17T17:00:00","Italy","Calabria",10,55,1,1,114,25,53,12,3,0,0
"2020-03-17T17:00:00","Italy","Campania",24,151,28,9,460,60,114,26,2,0,0
"2020-03-17T17:00:00","Italy","Emilia Romagna",223,1789,134,393,3931,409,1355,230,26,47,46
"2020-03-17T17:00:00","Italy","Friuli Venezia Giulia",21,125,17,30,394,8,85,10,2,8,-1
"2020-03-17T17:00:00","Italy","Lazio",44,358,34,23,607,84,307,60,13,4,2
"2020-03-17T17:00:00","Italy","Liguria",85,384,57,60,778,111,292,56,12,10,15
"2020-03-17T17:00:00","Italy","Lombardia",879,7832,2485,1640,16220,1571,4044,838,56,220,117
"2020-03-17T17:00:00","Italy","Marche",109,708,0,69,1371,129,651,70,-1,12,0
"2020-03-17T17:00:00","Italy","Molise",5,12,5,1,25,4,6,4,0,0,0
"2020-03-17T17:00:00","Italy","Piemonte",206,1584,0,133,1897,381,1473,353,20,22,0
"2020-03-17T17:00:00","Italy","Puglia",14,169,2,18,340,110,151,47,8,2,0
"2020-03-17T17:00:00","Italy","Sardegna",4,40,0,2,117,10,38,1,4,0,0
"2020-03-17T17:00:00","Italy","Sicilia",28,114,8,3,237,24,104,19,8,1,0
"2020-03-17T17:00:00","Italy","Toscana",143,472,12,17,1053,187,447,190,36,3,1
"2020-03-17T17:00:00","Italy","P.A. Trento",22,129,10,7,385,7,118,37,3,1,5
"2020-03-17T17:00:00","Italy","Umbria",21,57,4,1,197,33,52,12,6,0,0
"2020-03-17T17:00:00","Italy","Valle d'Aosta",6,41,0,2,136,31,39,8,1,0,0
"2020-03-17T17:00:00","Italy","Veneto",171,719,136,80,2704,231,520,65,15,11,6
"2020-03-18T17:00:00","Italy","Abruzzo",41,140,7,7,263,34,127,14,9,1,0
"2020-03-18T17:00:00","Italy","Basilicata",2,11,0,0,27,7,11,4,0,0,0
"2020-03-18T17:00:00","Italy","P.A. Bolzano",18,97,1,9,376,85,88,15,7,1,0
"2020-03-18T17:00:00","Italy","Calabria",11,56,2,1,129,15,54,1,1,0,1
"2020-03-18T17:00:00","Italy","Campania",24,151,28,9,460,0,114,0,0,0,0
"2020-03-18T17:00:00","Italy","Emilia Romagna",247,2031,152,458,4525,594,1504,242,24,65,18
"2020-03-18T17:00:00","Italy","Friuli Venezia Giulia",27,155,15,31,462,68,108,30,6,1,-2
"2020-03-18T17:00:00","Italy","Lazio",44,418,42,32,724,117,361,60,0,9,8
"2020-03-18T17:00:00","Italy","Liguria",100,501,70,73,887,109,384,117,15,13,13
"2020-03-18T17:00:00","Italy","Lombardia",924,8209,3488,1959,17713,1493,4084,377,45,319,1003
"2020-03-18T17:00:00","Italy","Marche",119,757,0,92,1568,197,688,49,10,23,0
"2020-03-18T17:00:00","Italy","Molise",6,13,6,1,28,3,7,1,1,0,1
"2020-03-18T17:00:00","Italy","Piemonte",227,2007,0,154,2341,444,1874,423,21,21,0
"2020-03-18T17:00:00","Italy","Puglia",30,186,2,19,383,43,166,17,16,1,0
"2020-03-18T17:00:00","Italy","Sardegna",7,49,0,2,134,17,47,9,3,0,0
"2020-03-18T17:00:00","Italy","Sicilia",29,129,12,3,282,45,118,15,1,0,4
"2020-03-18T17:00:00","Italy","Toscana",160,587,17,22,1330,277,558,115,17,5,5
"2020-03-18T17:00:00","Italy","P.A. Trento",22,163,12,7,455,70,146,34,0,0,2
"2020-03-18T17:00:00","Italy","Umbria",21,75,4,2,247,50,70,18,0,1,0
"2020-03-18T17:00:00","Italy","Valle d'Aosta",3,44,0,3,165,29,42,3,-3,1,0
"2020-03-18T17:00:00","Italy","Veneto",195,841,167,94,3214,510,625,122,24,14,31
"2020-03-19T17:00:00","Italy","Abruzzo",47,228,8,11,385,122,214,88,6,4,1
"2020-03-19T17:00:00","Italy","Basilicata",5,13,0,0,37,10,13,2,3,0,0
"2020-03-19T17:00:00","Italy","P.A. Bolzano",18,105,1,14,436,60,95,8,0,5,0
"2020-03-19T17:00:00","Italy","Calabria",13,73,2,3,169,40,70,17,2,2,0
"2020-03-19T17:00:00","Italy","Campania",36,249,30,17,652,192,212,98,12,8,2
"2020-03-19T17:00:00","Italy","Emilia Romagna",260,2160,177,531,5214,689,1550,129,13,73,25
"2020-03-19T17:00:00","Italy","Friuli Venezia Giulia",29,163,41,36,599,137,117,8,2,5,26
"2020-03-19T17:00:00","Italy","Lazio",45,471,44,38,823,99,397,53,1,6,2
"2020-03-19T17:00:00","Italy","Liguria",112,603,85,91,1059,172,460,102,12,18,15
"2020-03-19T17:00:00","Italy","Lombardia",1006,8393,3778,2168,19884,2171,2946,184,82,209,290
"2020-03-19T17:00:00","Italy","Marche",141,797,0,115,1737,169,705,40,22,23,0
"2020-03-19T17:00:00","Italy","Molise",6,25,6,2,46,18,18,12,0,1,0
"2020-03-19T17:00:00","Italy","Piemonte",257,2536,3,175,2932,591,2382,529,30,21,3
"2020-03-19T17:00:00","Italy","Puglia",31,204,4,25,478,95,183,18,1,6,2
"2020-03-19T17:00:00","Italy","Sardegna",9,52,0,2,206,72,50,3,2,0,0
"2020-03-19T17:00:00","Italy","Sicilia",36,179,15,4,340,58,164,50,7,1,3
"2020-03-19T17:00:00","Italy","Toscana",178,679,22,38,1482,152,640,92,18,16,5
"2020-03-19T17:00:00","Italy","P.A. Trento",30,199,20,12,523,68,180,36,8,5,8
"2020-03-19T17:00:00","Italy","Umbria",21,90,4,2,334,87,84,15,0,0,0
"2020-03-19T17:00:00","Italy","Valle d'Aosta",9,56,0,6,215,50,53,12,6,3,0
"2020-03-19T17:00:00","Italy","Veneto",209,980,200,115,3484,270,719,139,14,21,33
"2020-03-20T17:00:00","Italy","Abruzzo",48,238,10,17,449,64,219,10,1,6,2
"2020-03-20T17:00:00","Italy","Basilicata",5,13,0,0,52,15,13,0,0,0,0
"2020-03-20T17:00:00","Italy","P.A. Bolzano",24,123,1,17,548,112,108,18,6,3,0
"2020-03-20T17:00:00","Italy","Calabria",16,87,2,4,207,38,82,14,3,1,0
"2020-03-20T17:00:00","Italy","Campania",41,171,30,17,749,97,124,-78,5,0,0
"2020-03-20T17:00:00","Italy","Emilia Romagna",267,2350,239,640,5968,754,1642,190,7,109,62
"2020-03-20T17:00:00","Italy","Friuli Venezia Giulia",32,175,63,38,656,57,98,12,3,2,22
"2020-03-20T17:00:00","Italy","Lazio",47,584,53,43,1008,185,502,113,2,5,9
"2020-03-20T17:00:00","Italy","Liguria",121,694,101,119,1221,162,518,91,9,28,16
"2020-03-20T17:00:00","Italy","Lombardia",1050,8785,4295,2549,22264,2380,2839,392,44,381,517
"2020-03-20T17:00:00","Italy","Marche",138,842,0,137,1981,244,727,45,-3,22,0
"2020-03-20T17:00:00","Italy","Molise",6,26,6,5,50,4,18,1,0,3,0
"2020-03-20T17:00:00","Italy","Piemonte",280,1821,8,209,3461,529,1643,-715,23,34,5
"2020-03-20T17:00:00","Italy","Puglia",31,222,4,26,581,103,193,18,0,1,0
"2020-03-20T17:00:00","Italy","Sardegna",15,71,3,2,293,87,69,19,6,0,3
"2020-03-20T17:00:00","Italy","Sicilia",42,210,25,4,408,68,191,31,6,0,10
"2020-03-20T17:00:00","Italy","Toscana",189,790,33,47,1793,311,730,111,11,9,11
"2020-03-20T17:00:00","Italy","P.A. Trento",34,232,29,13,642,119,200,33,4,1,9
"2020-03-20T17:00:00","Italy","Umbria",24,99,4,7,395,61,93,9,3,5,0
"2020-03-20T17:00:00","Italy","Valle d'Aosta",9,63,0,7,264,49,57,7,0,1,0
"2020-03-20T17:00:00","Italy","Veneto",236,1079,223,131,4031,547,764,99,27,16,23
"2020-03-21T17:00:00","Italy","Abruzzo",44,229,13,22,529,80,202,-9,-4,5,3
"2020-03-21T17:00:00","Italy","Basilicata",7,19,0,0,66,14,19,6,2,0,0
"2020-03-21T17:00:00","Italy","P.A. Bolzano",30,157,1,20,621,73,139,34,6,3,0
"2020-03-21T17:00:00","Italy","Calabria",16,89,5,5,235,28,83,2,0,1,3
"2020-03-21T17:00:00","Italy","Campania",87,320,29,22,844,95,273,149,46,5,-1
"2020-03-21T17:00:00","Italy","Emilia Romagna",265,2532,329,715,6705,737,1653,182,-2,75,90
"2020-03-21T17:00:00","Italy","Friuli Venezia Giulia",37,189,82,42,790,134,88,14,5,4,19
"2020-03-21T17:00:00","Italy","Lazio",70,661,54,50,1190,182,565,77,23,7,1
"2020-03-21T17:00:00","Italy","Liguria",129,727,125,152,1436,215,507,33,8,33,24
"2020-03-21T17:00:00","Italy","Lombardia",1093,9351,5050,3095,25515,3251,2507,566,43,546,755
"2020-03-21T17:00:00","Italy","Marche",141,883,2,154,2153,172,746,41,3,17,2
"2020-03-21T17:00:00","Italy","Molise",6,27,7,7,61,11,16,1,0,2,1
"2020-03-21T17:00:00","Italy","Piemonte",301,2277,8,238,3752,291,2060,456,21,29,0
"2020-03-21T17:00:00","Italy","Puglia",33,242,4,29,675,94,212,20,2,3,0
"2020-03-21T17:00:00","Italy","Sardegna",16,81,5,4,330,37,76,10,1,2,2
"2020-03-21T17:00:00","Italy","Sicilia",48,254,26,6,490,82,225,44,6,2,1
"2020-03-21T17:00:00","Italy","Toscana",202,866,35,72,2012,219,786,76,13,25,2
"2020-03-21T17:00:00","Italy","P.A. Trento",39,272,34,28,782,140,230,40,5,15,5
"2020-03-21T17:00:00","Italy","Umbria",29,121,5,10,462,67,110,22,5,3,1
"2020-03-21T17:00:00","Italy","Valle d'Aosta",15,77,1,8,313,49,70,14,6,1,1
"2020-03-21T17:00:00","Italy","Veneto",249,1191,257,146,4617,586,837,112,13,15,34
"2020-03-22T17:00:00","Italy","Abruzzo",49,267,15,33,587,58,232,38,5,11,2
"2020-03-22T17:00:00","Italy","Basilicata",10,23,0,0,81,15,23,4,3,0,0
"2020-03-22T17:00:00","Italy","P.A. Bolzano",32,178,7,23,678,57,157,21,2,3,6
"2020-03-22T17:00:00","Italy","Calabria",17,94,5,8,273,38,84,5,1,3,0
"2020-03-22T17:00:00","Italy","Campania",99,342,41,29,936,92,291,22,12,7,12
"2020-03-22T17:00:00","Italy","Emilia Romagna",269,2698,349,816,7555,850,1654,166,4,101,20
"2020-03-22T17:00:00","Italy","Friuli Venezia Giulia",47,210,89,47,874,84,86,21,10,5,7
"2020-03-22T17:00:00","Italy","Lazio",79,750,58,53,1383,193,646,89,9,3,4
"2020-03-22T17:00:00","Italy","Liguria",132,868,143,171,1665,229,591,141,3,19,18
"2020-03-22T17:00:00","Italy","Lombardia",1142,10581,5865,3456,27206,1691,2436,1230,49,361,815
"2020-03-22T17:00:00","Italy","Marche",138,954,6,184,2421,268,798,71,-3,30,4
"2020-03-22T17:00:00","Italy","Molise",7,31,7,7,66,5,17,4,1,0,0
"2020-03-22T17:00:00","Italy","Piemonte",308,2426,10,283,4420,668,2180,149,7,45,2
"2020-03-22T17:00:00","Italy","Puglia",37,289,7,31,786,111,256,47,4,2,3
"2020-03-22T17:00:00","Italy","Sardegna",16,83,5,7,339,9,74,2,0,3,0
"2020-03-22T17:00:00","Italy","Sicilia",55,275,26,8,630,140,243,21,7,2,0
"2020-03-22T17:00:00","Italy","Toscana",215,921,42,91,2277,265,814,55,13,19,7
"2020-03-22T17:00:00","Italy","P.A. Trento",46,281,34,35,954,172,219,9,7,7,0
"2020-03-22T17:00:00","Italy","Umbria",35,132,5,16,521,59,117,11,6,6,0
"2020-03-22T17:00:00","Italy","Valle d'Aosta",21,84,1,9,364,51,75,7,6,1,0
"2020-03-22T17:00:00","Italy","Veneto",255,1368,309,169,5122,505,965,177,6,23,52
"2020-03-23T17:00:00","Italy","Abruzzo",52,280,20,38,663,76,232,13,3,5,5
"2020-03-23T17:00:00","Italy","Basilicata",12,27,0,1,90,9,27,4,2,1,0
"2020-03-23T17:00:00","Italy","P.A. Bolzano",33,178,7,29,724,46,148,0,1,6,0
"2020-03-23T17:00:00","Italy","Calabria",20,102,5,7,292,19,89,8,3,-1,0
"2020-03-23T17:00:00","Italy","Campania",110,376,48,49,1026,90,306,34,11,20,7
"2020-03-23T17:00:00","Italy","Emilia Romagna",276,3122,423,892,8535,980,1957,424,7,76,74
"2020-03-23T17:00:00","Italy","Friuli Venezia Giulia",41,226,105,54,930,56,90,16,-6,7,16
"2020-03-23T17:00:00","Italy","Lazio",96,814,63,63,1540,157,703,64,17,10,5
"2020-03-23T17:00:00","Italy","Liguria",133,894,159,212,1924,259,580,26,1,41,16
"2020-03-23T17:00:00","Italy","Lombardia",1183,10449,6075,3776,28761,1555,1128,-132,41,320,210
"2020-03-23T17:00:00","Italy","Marche",148,1030,8,203,2569,148,840,76,10,19,2
"2020-03-23T17:00:00","Italy","Molise",7,32,10,7,67,1,18,1,0,0,3
"2020-03-23T17:00:00","Italy","Piemonte",343,2537,17,315,4861,441,2244,111,35,32,7
"2020-03-23T17:00:00","Italy","Puglia",45,330,7,37,906,120,292,41,8,6,0
"2020-03-23T17:00:00","Italy","Sardegna",18,94,5,11,359,20,82,11,2,4,0
"2020-03-23T17:00:00","Italy","Sicilia",60,310,27,13,721,91,276,35,5,5,1
"2020-03-23T17:00:00","Italy","Toscana",238,1076,51,109,2461,184,943,155,23,18,9
"2020-03-23T17:00:00","Italy","P.A. Trento",46,295,68,41,1023,69,226,14,0,6,34
"2020-03-23T17:00:00","Italy","Umbria",42,148,5,16,577,56,127,16,7,0,0
"2020-03-23T17:00:00","Italy","Valle d'Aosta",20,89,2,12,393,29,79,5,-1,3,1
"2020-03-23T17:00:00","Italy","Veneto",281,1487,327,192,5505,383,1009,119,26,23,18
"2020-03-24T17:00:00","Italy","Abruzzo",57,291,21,46,689,26,233,11,5,8,1
"2020-03-24T17:00:00","Italy","Basilicata",12,26,0,1,92,2,25,-1,0,0,0
"2020-03-24T17:00:00","Italy","P.A. Bolzano",38,204,44,38,781,57,168,26,5,9,37
"2020-03-24T17:00:00","Italy","Calabria",21,109,5,10,319,27,97,7,1,3,0
"2020-03-24T17:00:00","Italy","Campania",181,526,53,56,1101,75,429,150,71,7,5
"2020-03-24T17:00:00","Italy","Emilia Romagna",291,3265,558,985,9254,719,1950,143,15,93,135
"2020-03-24T17:00:00","Italy","Friuli Venezia Giulia",49,244,80,64,992,62,85,18,8,10,-25
"2020-03-24T17:00:00","Italy","Lazio",94,841,103,80,1728,188,715,27,-2,17,40
"2020-03-24T17:00:00","Italy","Liguria",147,950,193,231,2116,192,579,56,14,19,34
"2020-03-24T17:00:00","Italy","Lombardia",1194,10905,6657,4178,30703,1942,1054,456,11,402,582
"2020-03-24T17:00:00","Italy","Marche",149,1011,8,231,2736,167,800,-19,1,28,0
"2020-03-24T17:00:00","Italy","Molise",7,34,10,8,73,6,17,2,0,1,0
"2020-03-24T17:00:00","Italy","Piemonte",360,2764,17,374,5515,654,2432,227,17,59,0
"2020-03-24T17:00:00","Italy","Puglia",57,374,21,44,1005,99,330,44,12,7,14
"2020-03-24T17:00:00","Italy","Sardegna",19,99,11,15,421,62,83,5,1,4,6
"2020-03-24T17:00:00","Italy","Sicilia",60,310,27,20,846,125,270,0,0,7,0
"2020-03-24T17:00:00","Italy","Toscana",244,1162,51,129,2699,238,1002,86,6,20,0
"2020-03-24T17:00:00","Italy","P.A. Trento",49,357,79,56,1110,87,248,62,3,15,11
"2020-03-24T17:00:00","Italy","Umbria",43,148,5,19,648,71,127,0,1,3,0
"2020-03-24T17:00:00","Italy","Valle d'Aosta",20,91,2,19,400,7,77,2,0,7,0
"2020-03-24T17:00:00","Italy","Veneto",304,1622,381,216,5948,443,1103,135,23,24,54
"2020-03-25T17:00:00","Italy","Abruzzo",59,307,23,52,813,124,240,16,2,6,2
"2020-03-25T17:00:00","Italy","Basilicata",14,34,0,1,113,21,33,8,2,0,0
"2020-03-25T17:00:00","Italy","P.A. Bolzano",40,230,67,43,858,77,148,26,2,5,23
"2020-03-25T17:00:00","Italy","Calabria",23,116,7,11,351,32,101,7,2,1,2
"2020-03-25T17:00:00","Italy","Campania",123,441,53,74,1199,98,332,-85,-58,18,0
"2020-03-25T17:00:00","Italy","Emilia Romagna",294,3474,721,1077,10054,800,1931,209,3,92,163
"2020-03-25T17:00:00","Italy","Friuli Venezia Giulia",52,252,158,70,1139,147,108,8,3,6,78
"2020-03-25T17:00:00","Italy","Lazio",101,906,131,95,1901,173,723,65,7,15,28
"2020-03-25T17:00:00","Italy","Liguria",147,1074,225,254,2305,189,650,124,0,23,32
"2020-03-25T17:00:00","Italy","Lombardia",1236,11262,7281,4474,32346,1643,427,357,42,296,624
"2020-03-25T17:00:00","Italy","Marche",148,1086,8,287,2934,198,847,75,-1,56,0
"2020-03-25T17:00:00","Italy","Molise",7,33,12,8,73,0,15,-1,0,0,2
"2020-03-25T17:00:00","Italy","Piemonte",381,2925,19,449,6024,509,2534,161,21,75,2
"2020-03-25T17:00:00","Italy","Puglia",64,413,22,48,1093,88,348,39,7,4,1
"2020-03-25T17:00:00","Italy","Sardegna",19,101,12,18,442,21,75,2,0,3,1
"2020-03-25T17:00:00","Italy","Sicilia",80,339,33,25,994,148,292,29,20,5,6
"2020-03-25T17:00:00","Italy","Toscana",251,1250,54,142,2972,273,1070,88,7,13,3
"2020-03-25T17:00:00","Italy","P.A. Trento",65,373,90,74,1222,112,238,16,16,18,11
"2020-03-25T17:00:00","Italy","Umbria",44,167,5,19,710,62,143,19,1,0,0
"2020-03-25T17:00:00","Italy","Valle d'Aosta",25,95,2,24,401,1,74,4,5,5,0
"2020-03-25T17:00:00","Italy","Veneto",316,1723,439,258,6442,494,1126,101,12,42,58
"2020-03-26T17:00:00","Italy","Abruzzo",64,344,23,63,946,133,269,37,5,11,0
"2020-03-26T17:00:00","Italy","Basilicata",16,38,0,1,134,21,37,4,2,0,0
"2020-03-26T17:00:00","Italy","P.A. Bolzano",43,266,67,48,906,48,156,36,3,5,0
"2020-03-26T17:00:00","Italy","Calabria",23,124,7,14,393,42,106,8,0,3,0
"2020-03-26T17:00:00","Italy","Campania",114,562,58,83,1310,111,435,121,-9,9,5
"2020-03-26T17:00:00","Italy","Emilia Romagna",301,3655,792,1174,10816,762,1857,181,7,97,71
"2020-03-26T17:00:00","Italy","Friuli Venezia Giulia",54,266,197,72,1223,84,38,14,2,2,39
"2020-03-26T17:00:00","Italy","Lazio",113,991,155,106,2096,195,765,85,12,11,24
"2020-03-26T17:00:00","Italy","Liguria",154,1152,260,280,2567,262,673,78,7,26,35
"2020-03-26T17:00:00","Italy","Lombardia",1263,11944,7839,4861,34889,2543,189,682,27,387,558
"2020-03-26T17:00:00","Italy","Marche",166,1143,9,310,3114,180,848,57,18,23,1
"2020-03-26T17:00:00","Italy","Molise",8,35,14,8,103,30,15,2,1,0,2
"2020-03-26T17:00:00","Italy","Piemonte",408,3041,135,449,6534,510,2573,116,27,0,116
"2020-03-26T17:00:00","Italy","Puglia",76,556,22,65,1182,89,486,143,12,17,0
"2020-03-26T17:00:00","Italy","Sardegna",20,112,13,19,494,52,82,11,1,1,1
"2020-03-26T17:00:00","Italy","Sicilia",68,414,36,33,1164,170,356,75,-12,8,3
"2020-03-26T17:00:00","Italy","Toscana",259,1296,95,158,3226,254,1100,46,8,16,41
"2020-03-26T17:00:00","Italy","P.A. Trento",66,366,117,86,1297,75,202,-7,1,12,27
"2020-03-26T17:00:00","Italy","Umbria",46,190,12,20,802,92,166,23,2,1,7
"2020-03-26T17:00:00","Italy","Valle d'Aosta",24,97,2,28,408,7,71,2,-1,4,0
"2020-03-26T17:00:00","Italy","Veneto",326,1773,508,287,6935,493,1076,50,10,29,69
"2020-03-27T17:00:00","Italy","Abruzzo",71,360,24,68,1017,71,274,16,7,5,1
"2020-03-27T17:00:00","Italy","Basilicata",15,37,1,3,151,17,36,-1,-1,2,1
"2020-03-27T17:00:00","Italy","P.A. Bolzano",45,294,110,60,1003,97,179,28,2,12,43
"2020-03-27T17:00:00","Italy","Calabria",22,125,7,18,494,101,104,1,-1,4,0
"2020-03-27T17:00:00","Italy","Campania",113,569,64,98,1454,144,428,7,-1,15,6
"2020-03-27T17:00:00","Italy","Emilia Romagna",308,3769,960,1267,11588,772,1803,114,7,93,168
"2020-03-27T17:00:00","Italy","Friuli Venezia Giulia",57,279,214,76,1317,94,10,13,3,4,17
"2020-03-27T17:00:00","Italy","Lazio",126,1118,164,118,2295,199,857,127,13,12,9
"2020-03-27T17:00:00","Italy","Liguria",157,1180,305,331,2696,129,640,28,3,51,45
"2020-03-27T17:00:00","Italy","Lombardia",1292,12429,8001,5402,37298,2409,-271,485,29,541,162
"2020-03-27T17:00:00","Italy","Marche",162,1141,10,336,3196,82,822,-2,-4,26,1
"2020-03-27T17:00:00","Italy","Molise",9,35,14,9,109,6,13,0,1,1,0
"2020-03-27T17:00:00","Italy","Piemonte",431,3283,176,569,7092,558,2699,242,23,120,41
"2020-03-27T17:00:00","Italy","Puglia",82,612,29,69,1334,152,525,56,6,4,7
"2020-03-27T17:00:00","Italy","Sardegna",19,112,13,21,530,36,80,0,-1,2,0
"2020-03-27T17:00:00","Italy","Sicilia",75,500,53,39,1250,86,431,86,7,6,17
"2020-03-27T17:00:00","Italy","Toscana",274,1327,103,177,3450,224,1074,31,15,19,8
"2020-03-27T17:00:00","Italy","P.A. Trento",66,407,125,102,1391,94,204,41,0,16,8
"2020-03-27T17:00:00","Italy","Umbria",46,195,39,21,884,82,163,5,0,1,27
"2020-03-27T17:00:00","Italy","Valle d'Aosta",24,115,2,37,452,44,85,18,0,9,0
"2020-03-27T17:00:00","Italy","Veneto",338,1874,536,313,7497,562,1079,101,12,26,28
"2020-03-28T17:00:00","Italy","Abruzzo",70,381,30,76,1133,116,289,21,-1,8,6
"2020-03-28T17:00:00","Italy","Basilicata",19,45,1,3,182,31,41,8,4,0,0
"2020-03-28T17:00:00","Italy","P.A. Bolzano",51,276,116,64,1109,106,106,-18,6,4,6
"2020-03-28T17:00:00","Italy","Calabria",22,129,11,21,555,61,104,4,0,3,4
"2020-03-28T17:00:00","Italy","Campania",132,595,76,109,1592,138,433,26,19,11,12
"2020-03-28T17:00:00","Italy","Emilia Romagna",316,4011,1075,1344,12383,795,1784,242,8,77,115
"2020-03-28T17:00:00","Italy","Friuli Venezia Giulia",59,282,229,87,1436,119,-8,3,2,11,15
"2020-03-28T17:00:00","Italy","Lazio",133,1118,200,124,2505,210,836,0,7,6,36
"2020-03-28T17:00:00","Italy","Liguria",167,1198,378,358,2822,126,562,18,10,27,73
"2020-03-28T17:00:00","Italy","Lombardia",1319,12471,8962,5944,39415,2117,-932,42,27,542,961
"2020-03-28T17:00:00","Italy","Marche",166,1153,10,364,3373,177,807,12,4,28,0
"2020-03-28T17:00:00","Italy","Molise",9,35,16,9,123,14,12,0,0,0,2
"2020-03-28T17:00:00","Italy","Piemonte",439,3533,203,617,7671,579,2788,250,8,48,27
"2020-03-28T17:00:00","Italy","Puglia",98,661,29,71,1458,124,563,49,16,2,0
"2020-03-28T17:00:00","Italy","Sardegna",22,117,29,26,624,94,83,5,3,5,16
"2020-03-28T17:00:00","Italy","Sicilia",71,512,60,57,1359,109,420,12,-4,18,7
"2020-03-28T17:00:00","Italy","Toscana",277,1370,108,198,3817,367,1090,43,3,21,5
"2020-03-28T17:00:00","Italy","P.A. Trento",72,423,151,120,1505,114,196,16,6,18,26
"2020-03-28T17:00:00","Italy","Umbria",44,203,43,28,969,85,143,8,-2,7,4
"2020-03-28T17:00:00","Italy","Valle d'Aosta",26,116,2,41,511,59,77,1,2,4,0
"2020-03-28T17:00:00","Italy","Veneto",344,1903,655,362,7930,433,1054,29,6,49,119
"2020-03-29T17:00:00","Italy","Abruzzo",68,397,36,88,1293,160,291,16,-2,12,6
"2020-03-29T17:00:00","Italy","Basilicata",18,50,1,4,202,20,46,5,-1,1,0
"2020-03-29T17:00:00","Italy","P.A. Bolzano",56,290,116,64,1214,105,110,14,5,0,0
"2020-03-29T17:00:00","Italy","Calabria",19,143,12,25,614,59,111,14,-3,4,1
"2020-03-29T17:00:00","Italy","Campania",135,611,86,117,1759,167,426,16,3,8,10
"2020-03-29T17:00:00","Italy","Emilia Romagna",333,4102,1141,1443,13119,736,1683,91,17,99,66
"2020-03-29T17:00:00","Italy","Friuli Venezia Giulia",60,296,241,98,1480,44,-20,14,1,11,12
"2020-03-29T17:00:00","Italy","Lazio",133,1195,208,136,2706,201,871,77,0,12,8
"2020-03-29T17:00:00","Italy","Liguria",166,1243,420,377,3076,254,507,45,-1,19,42
"2020-03-29T17:00:00","Italy","Lombardia",1328,12941,9255,6360,41007,1592,-1965,470,9,416,293
"2020-03-29T17:00:00","Italy","Marche",168,1168,12,386,3558,185,794,15,2,22,2
"2020-03-29T17:00:00","Italy","Molise",9,34,18,9,127,4,9,-1,0,0,2
"2020-03-29T17:00:00","Italy","Piemonte",443,3428,254,684,8206,535,2608,-105,4,67,51
"2020-03-29T17:00:00","Italy","Puglia",99,658,31,86,1549,91,558,-3,1,15,2
"2020-03-29T17:00:00","Italy","Sardegna",23,128,29,27,638,14,73,11,1,1,0
"2020-03-29T17:00:00","Italy","Sicilia",71,522,65,65,1460,101,405,10,0,8,5
"2020-03-29T17:00:00","Italy","Toscana",275,1386,121,215,4122,305,1080,16,-2,17,13
"2020-03-29T17:00:00","Italy","P.A. Trento",75,431,172,129,1594,89,160,8,3,9,21
"2020-03-29T17:00:00","Italy","Umbria",46,212,95,31,1023,54,141,9,2,3,52
"2020-03-29T17:00:00","Italy","Valle d'Aosta",26,116,2,43,584,73,73,0,0,2,0
"2020-03-29T17:00:00","Italy","Veneto",355,1941,715,392,8358,428,924,38,11,30,60
"2020-03-17","Germany","Baden-Wrttemberg",0,0,0,2,1479,1479,0,0,0,2,0
"2020-03-17","Germany","Bavaria",0,0,0,4,1109,1109,0,0,0,4,0
"2020-03-17","Germany","Berlin",0,0,0,0,345,345,0,0,0,0,0
"2020-03-17","Germany","Brandenburg",0,0,0,0,73,73,0,0,0,0,0
"2020-03-17","Germany","Bremen",0,0,0,0,57,57,0,0,0,0,0
"2020-03-17","Germany","Hamburg",0,0,0,0,310,310,0,0,0,0,0
"2020-03-17","Germany","Hesse",0,0,0,0,373,373,0,0,0,0,0
"2020-03-17","Germany","Mecklenburg-Western Pomerania",0,0,0,0,45,45,0,0,0,0,0
"2020-03-17","Germany","Lower Saxony",0,0,0,0,325,325,0,0,0,0,0
"2020-03-17","Germany","North Rhine-Westphalia",0,0,0,6,2105,2105,0,0,0,6,0
"2020-03-17","Germany","Rhineland-Palatinate",0,0,0,0,442,442,0,0,0,0,0
"2020-03-17","Germany","Saarland",0,0,0,0,75,75,0,0,0,0,0
"2020-03-17","Germany","Saxony",0,0,0,0,182,182,0,0,0,0,0
"2020-03-17","Germany","Saxony-Anhalt",0,0,0,0,58,58,0,0,0,0,0
"2020-03-17","Germany","Schleswig-Holstein",0,0,0,0,127,127,0,0,0,0,0
"2020-03-17","Germany","Thuringia",0,0,0,0,51,51,0,0,0,0,0
"2020-03-18","Germany","Baden-Wrttemberg",0,0,0,2,1609,130,-2,0,0,0,0
"2020-03-18","Germany","Bavaria",0,0,0,4,1243,134,-4,0,0,0,0
"2020-03-18","Germany","Berlin",0,0,0,0,391,46,0,0,0,0,0
"2020-03-18","Germany","Brandenburg",0,0,0,0,92,19,0,0,0,0,0
"2020-03-18","Germany","Bremen",0,0,0,0,69,12,0,0,0,0,0
"2020-03-18","Germany","Hamburg",0,0,0,0,358,48,0,0,0,0,0
"2020-03-18","Germany","Hesse",0,0,0,0,432,59,0,0,0,0,0
"2020-03-18","Germany","Mecklenburg-Western Pomerania",0,0,0,0,56,11,0,0,0,0,0
"2020-03-18","Germany","Lower Saxony",0,0,0,0,478,153,0,0,0,0,0
"2020-03-18","Germany","North Rhine-Westphalia",0,0,0,6,2372,267,-6,0,0,0,0
"2020-03-18","Germany","Rhineland-Palatinate",0,0,0,0,474,32,0,0,0,0,0
"2020-03-18","Germany","Saarland",0,0,0,0,88,13,0,0,0,0,0
"2020-03-18","Germany","Saxony",0,0,0,0,198,16,0,0,0,0,0
"2020-03-18","Germany","Saxony-Anhalt",0,0,0,0,105,47,0,0,0,0,0
"2020-03-18","Germany","Schleswig-Holstein",0,0,0,0,159,32,0,0,0,0,0
"2020-03-18","Germany","Thuringia",0,0,0,0,74,23,0,0,0,0,0
"2020-03-19","Germany","Baden-Wrttemberg",0,0,0,6,2155,546,-2,0,0,4,0
"2020-03-19","Germany","Bavaria",0,0,0,8,1692,449,-4,0,0,4,0
"2020-03-19","Germany","Berlin",0,0,0,0,573,182,0,0,0,0,0
"2020-03-19","Germany","Brandenburg",0,0,0,0,134,42,0,0,0,0,0
"2020-03-19","Germany","Bremen",0,0,0,0,80,11,0,0,0,0,0
"2020-03-19","Germany","Hamburg",0,0,0,0,432,74,0,0,0,0,0
"2020-03-19","Germany","Hesse",0,0,0,0,682,250,0,0,0,0,0
"2020-03-19","Germany","Mecklenburg-Western Pomerania",0,0,0,0,98,42,0,0,0,0,0
"2020-03-19","Germany","Lower Saxony",0,0,0,0,669,191,0,0,0,0,0
"2020-03-19","Germany","North Rhine-Westphalia",0,0,0,6,3033,661,-6,0,0,0,0
"2020-03-19","Germany","Rhineland-Palatinate",0,0,0,0,637,163,0,0,0,0,0
"2020-03-19","Germany","Saarland",0,0,0,0,99,11,0,0,0,0,0
"2020-03-19","Germany","Saxony",0,0,0,0,275,77,0,0,0,0,0
"2020-03-19","Germany","Saxony-Anhalt",0,0,0,0,140,35,0,0,0,0,0
"2020-03-19","Germany","Schleswig-Holstein",0,0,0,0,202,43,0,0,0,0,0
"2020-03-19","Germany","Thuringia",0,0,0,0,98,24,0,0,0,0,0
"2020-03-20","Germany","Baden-Wrttemberg",0,0,0,10,2746,591,-6,0,0,4,0
"2020-03-20","Germany","Bavaria",0,0,0,12,2401,709,-8,0,0,4,0
"2020-03-20","Germany","Berlin",0,0,0,0,731,158,0,0,0,0,0
"2020-03-20","Germany","Brandenburg",0,0,0,0,192,58,0,0,0,0,0
"2020-03-20","Germany","Bremen",0,0,0,0,121,41,0,0,0,0,0
"2020-03-20","Germany","Hamburg",0,0,0,0,586,154,0,0,0,0,0
"2020-03-20","Germany","Hesse",0,0,0,1,813,131,0,0,0,1,0
"2020-03-20","Germany","Mecklenburg-Western Pomerania",0,0,0,0,131,33,0,0,0,0,0
"2020-03-20","Germany","Lower Saxony",0,0,0,0,803,134,0,0,0,0,0
"2020-03-20","Germany","North Rhine-Westphalia",0,0,0,6,3497,464,-6,0,0,0,0
"2020-03-20","Germany","Rhineland-Palatinate",0,0,0,1,801,164,0,0,0,1,0
"2020-03-20","Germany","Saarland",0,0,0,0,146,47,0,0,0,0,0
"2020-03-20","Germany","Saxony",0,0,0,0,394,119,0,0,0,0,0
"2020-03-20","Germany","Saxony-Anhalt",0,0,0,0,180,40,0,0,0,0,0
"2020-03-20","Germany","Schleswig-Holstein",0,0,0,1,266,64,0,0,0,1,0
"2020-03-20","Germany","Thuringia",0,0,0,0,149,51,0,0,0,0,0
"2020-03-21","Germany","Baden-Wrttemberg",0,0,0,16,3668,922,-10,0,0,6,0
"2020-03-21","Germany","Bavaria",0,0,0,19,2960,559,-12,0,0,7,0
"2020-03-21","Germany","Berlin",0,0,0,1,866,135,0,0,0,1,0
"2020-03-21","Germany","Brandenburg",0,0,0,0,254,62,0,0,0,0,0
"2020-03-21","Germany","Bremen",0,0,0,0,142,21,0,0,0,0,0
"2020-03-21","Germany","Hamburg",0,0,0,0,587,1,0,0,0,0,0
"2020-03-21","Germany","Hesse",0,0,0,2,1080,267,-1,0,0,1,0
"2020-03-21","Germany","Mecklenburg-Western Pomerania",0,0,0,0,165,34,0,0,0,0,0
"2020-03-21","Germany","Lower Saxony",0,0,0,0,1023,220,0,0,0,0,0
"2020-03-21","Germany","North Rhine-Westphalia",0,0,0,6,3542,45,-6,0,0,0,0
"2020-03-21","Germany","Rhineland-Palatinate",0,0,0,1,938,137,-1,0,0,0,0
"2020-03-21","Germany","Saarland",0,0,0,0,187,41,0,0,0,0,0
"2020-03-21","Germany","Saxony",0,0,0,0,567,173,0,0,0,0,0
"2020-03-21","Germany","Saxony-Anhalt",0,0,0,1,188,8,0,0,0,1,0
"2020-03-21","Germany","Schleswig-Holstein",0,0,0,1,308,42,-1,0,0,0,0
"2020-03-21","Germany","Thuringia",0,0,0,0,187,38,0,0,0,0,0
"2020-03-22","Germany","Baden-Wrttemberg",0,0,0,21,3807,139,-16,0,0,5,0
"2020-03-22","Germany","Bavaria",0,0,0,21,3650,690,-19,0,0,2,0
"2020-03-22","Germany","Berlin",0,0,0,1,1024,158,-1,0,0,0,0
"2020-03-22","Germany","Brandenburg",0,0,0,0,274,20,0,0,0,0,0
"2020-03-22","Germany","Bremen",0,0,0,0,165,23,0,0,0,0,0
"2020-03-22","Germany","Hamburg",0,0,0,0,872,285,0,0,0,0,0
"2020-03-22","Germany","Hesse",0,0,0,2,1175,95,-2,0,0,0,0
"2020-03-22","Germany","Mecklenburg-Western Pomerania",0,0,0,0,172,7,0,0,0,0,0
"2020-03-22","Germany","Lower Saxony",0,0,0,1,1306,283,0,0,0,1,0
"2020-03-22","Germany","North Rhine-Westphalia",0,0,0,6,3545,3,-6,0,0,0,0
"2020-03-22","Germany","Rhineland-Palatinate",0,0,0,2,1053,115,-1,0,0,1,0
"2020-03-22","Germany","Saarland",0,0,0,0,187,0,0,0,0,0,0
"2020-03-22","Germany","Saxony",0,0,0,0,606,39,0,0,0,0,0
"2020-03-22","Germany","Saxony-Anhalt",0,0,0,0,211,23,-1,0,0,-1,0
"2020-03-22","Germany","Schleswig-Holstein",0,0,0,1,347,39,-1,0,0,0,0
"2020-03-22","Germany","Thuringia",0,0,0,0,216,29,0,0,0,0,0
"2020-03-23","Germany","Baden-Wrttemberg",0,0,0,21,3811,4,-21,0,0,0,0
"2020-03-23","Germany","Bavaria",0,0,0,26,4892,1242,-21,0,0,5,0
"2020-03-23","Germany","Berlin",0,0,0,1,1077,53,-1,0,0,0,0
"2020-03-23","Germany","Brandenburg",0,0,0,0,288,14,0,0,0,0,0
"2020-03-23","Germany","Bremen",0,0,0,0,170,5,0,0,0,0,0
"2020-03-23","Germany","Hamburg",0,0,0,0,943,71,0,0,0,0,0
"2020-03-23","Germany","Hesse",0,0,0,3,1347,172,-2,0,0,1,0
"2020-03-23","Germany","Mecklenburg-Western Pomerania",0,0,0,0,172,0,0,0,0,0,0
"2020-03-23","Germany","Lower Saxony",0,0,0,4,1483,177,-1,0,0,3,0
"2020-03-23","Germany","North Rhine-Westphalia",0,0,0,28,5615,2070,-6,0,0,22,0
"2020-03-23","Germany","Rhineland-Palatinate",0,0,0,2,1177,124,-2,0,0,0,0
"2020-03-23","Germany","Saarland",0,0,0,0,200,13,0,0,0,0,0
"2020-03-23","Germany","Saxony",0,0,0,0,653,47,0,0,0,0,0
"2020-03-23","Germany","Saxony-Anhalt",0,0,0,0,212,1,0,0,0,0,0
"2020-03-23","Germany","Schleswig-Holstein",0,0,0,1,383,36,-1,0,0,0,0
"2020-03-23","Germany","Thuringia",0,0,0,0,249,33,0,0,0,0,0
"2020-03-24","Germany","Baden-Wrttemberg",0,0,0,30,5348,1537,-21,0,0,9,0
"2020-03-24","Germany","Bavaria",0,0,0,30,5754,862,-26,0,0,4,0
"2020-03-24","Germany","Berlin",0,0,0,1,1220,143,-1,0,0,0,0
"2020-03-24","Germany","Brandenburg",0,0,0,0,343,55,0,0,0,0,0
"2020-03-24","Germany","Bremen",0,0,0,0,183,13,0,0,0,0,0
"2020-03-24","Germany","Hamburg",0,0,0,0,1043,100,0,0,0,0,0
"2020-03-24","Germany","Hesse",0,0,0,4,1620,273,-3,0,0,1,0
"2020-03-24","Germany","Mecklenburg-Western Pomerania",0,0,0,0,199,27,0,0,0,0,0
"2020-03-24","Germany","Lower Saxony",0,0,0,6,1764,281,-4,0,0,2,0
"2020-03-24","Germany","North Rhine-Westphalia",0,0,0,33,6318,703,-28,0,0,5,0
"2020-03-24","Germany","Rhineland-Palatinate",0,0,0,5,1370,193,-2,0,0,3,0
"2020-03-24","Germany","Saarland",0,0,0,1,337,137,0,0,0,1,0
"2020-03-24","Germany","Saxony",0,0,0,1,811,158,0,0,0,1,0
"2020-03-24","Germany","Saxony-Anhalt",0,0,0,0,321,109,0,0,0,0,0
"2020-03-24","Germany","Schleswig-Holstein",0,0,0,2,478,95,-1,0,0,1,0
"2020-03-24","Germany","Thuringia",0,0,0,1,327,78,0,0,0,1,0
"2020-03-25","Germany","Baden-Wrttemberg",0,0,0,37,6069,721,-30,0,0,7,0
"2020-03-25","Germany","Bavaria",0,0,0,37,6558,804,-30,0,0,7,0
"2020-03-25","Germany","Berlin",0,0,0,2,1428,208,-1,0,0,1,0
"2020-03-25","Germany","Brandenburg",0,0,0,1,429,86,0,0,0,1,0
"2020-03-25","Germany","Bremen",0,0,0,0,200,17,0,0,0,0,0
"2020-03-25","Germany","Hamburg",0,0,0,0,1262,219,0,0,0,0,0
"2020-03-25","Germany","Hesse",0,0,0,4,1754,134,-4,0,0,0,0
"2020-03-25","Germany","Mecklenburg-Western Pomerania",0,0,0,0,218,19,0,0,0,0,0
"2020-03-25","Germany","Lower Saxony",0,0,0,7,2140,376,-6,0,0,1,0
"2020-03-25","Germany","North Rhine-Westphalia",0,0,0,43,7197,879,-33,0,0,10,0
"2020-03-25","Germany","Rhineland-Palatinate",0,0,0,5,1591,221,-5,0,0,0,0
"2020-03-25","Germany","Saarland",0,0,0,2,403,66,-1,0,0,1,0
"2020-03-25","Germany","Saxony",0,0,0,6,959,148,-1,0,0,5,0
"2020-03-25","Germany","Saxony-Anhalt",0,0,0,1,375,54,0,0,0,1,0
"2020-03-25","Germany","Schleswig-Holstein",0,0,0,3,577,99,-2,0,0,1,0
"2020-03-25","Germany","Thuringia",0,0,0,1,394,67,-1,0,0,0,0
"2020-03-26","Germany","Bavaria",0,0,0,61,7992,1434,-37,0,0,24,0
"2020-03-26","Germany","Berlin",0,0,0,44,1656,228,-2,0,0,42,0
"2020-03-26","Germany","Brandenburg",0,0,0,19,477,48,-1,0,0,18,0
"2020-03-26","Germany","Bremen",0,0,0,31,211,11,0,0,0,31,0
"2020-03-26","Germany","Hamburg",0,0,0,69,1265,3,0,0,0,69,0
"2020-03-26","Germany","Hesse",0,0,0,34,2157,403,-4,0,0,30,0
"2020-03-26","Germany","Mecklenburg-Western Pomerania",0,0,0,15,244,26,0,0,0,15,0
"2020-03-26","Germany","Lower Saxony",0,0,0,29,2347,207,-7,0,0,22,0
"2020-03-26","Germany","North Rhine-Westphalia",0,0,0,44,7923,726,-43,0,0,1,0
"2020-03-26","Germany","Rhineland-Palatinate",0,0,0,44,1815,224,-5,0,0,39,0
"2020-03-26","Germany","Saarland",0,0,0,44,433,30,-2,0,0,42,0
"2020-03-26","Germany","Saxony",0,0,0,28,1141,182,-6,0,0,22,0
"2020-03-26","Germany","Saxony-Anhalt",0,0,0,19,418,43,-1,0,0,18,0
"2020-03-26","Germany","Schleswig-Holstein",0,0,0,23,675,98,-3,0,0,20,0
"2020-03-26","Germany","Thuringia",0,0,0,22,468,74,-1,0,0,21,0
"2020-03-27","Germany","Bavaria",0,0,0,73,9481,1489,-61,0,0,12,0
"2020-03-27","Germany","Berlin",0,0,0,52,1955,299,-44,0,0,8,0
"2020-03-27","Germany","Brandenburg",0,0,0,21,537,60,-19,0,0,2,0
"2020-03-27","Germany","Bremen",0,0,0,35,241,30,-31,0,0,4,0
"2020-03-27","Germany","Hamburg",0,0,0,92,1693,428,-69,0,0,23,0
"2020-03-27","Germany","Hesse",0,0,0,37,2323,166,-34,0,0,3,0
"2020-03-27","Germany","Mecklenburg-Western Pomerania",0,0,0,16,259,15,-15,0,0,1,0
"2020-03-27","Germany","Lower Saxony",0,0,0,35,2810,463,-29,0,0,6,0
"2020-03-27","Germany","North Rhine-Westphalia",0,0,0,51,9235,1312,-44,0,0,7,0
"2020-03-27","Germany","Rhineland-Palatinate",0,0,0,48,1971,156,-44,0,0,4,0
"2020-03-27","Germany","Saarland",0,0,0,51,505,72,-44,0,0,7,0
"2020-03-27","Germany","Saxony",0,0,0,32,1305,164,-28,0,0,4,0
"2020-03-27","Germany","Saxony-Anhalt",0,0,0,21,458,40,-19,0,0,2,0
"2020-03-27","Germany","Schleswig-Holstein",0,0,0,28,812,137,-23,0,0,5,0
"2020-03-27","Germany","Thuringia",0,0,0,25,542,74,-22,0,0,3,0
"2020-03-28","Germany","Bavaria",0,0,0,85,11150,1669,-73,0,0,12,0
"2020-03-28","Germany","Berlin",0,0,0,58,2161,206,-52,0,0,6,0
"2020-03-28","Germany","Brandenburg",0,0,0,26,645,108,-21,0,0,5,0
"2020-03-28","Germany","Bremen",0,0,0,38,260,19,-35,0,0,3,0
"2020-03-28","Germany","Hamburg",0,0,0,96,1765,72,-92,0,0,4,0
"2020-03-28","Germany","Hesse",0,0,0,42,2604,281,-37,0,0,5,0
"2020-03-28","Germany","Mecklenburg-Western Pomerania",0,0,0,19,308,49,-16,0,0,3,0
"2020-03-28","Germany","Lower Saxony",0,0,0,39,3150,340,-35,0,0,4,0
"2020-03-28","Germany","North Rhine-Westphalia",0,0,0,59,10607,1372,-51,0,0,8,0
"2020-03-28","Germany","Rhineland-Palatinate",0,0,0,54,2212,241,-48,0,0,6,0
"2020-03-28","Germany","Saarland",0,0,0,56,550,45,-51,0,0,5,0
"2020-03-28","Germany","Saxony",0,0,0,35,1432,127,-32,0,0,3,0
"2020-03-28","Germany","Saxony-Anhalt",0,0,0,21,458,0,-21,0,0,0,0
"2020-03-28","Germany","Schleswig-Holstein",0,0,0,32,915,103,-28,0,0,4,0
"2020-03-28","Germany","Thuringia",0,0,0,27,584,42,-25,0,0,2,0
"2020-03-29","Germany","Bavaria",0,0,0,99,12881,1731,-85,0,0,14,0
"2020-03-29","Germany","Berlin",0,0,0,63,2360,199,-58,0,0,5,0
"2020-03-29","Germany","Brandenburg",0,0,0,29,721,76,-26,0,0,3,0
"2020-03-29","Germany","Bremen",0,0,0,40,275,15,-38,0,0,2,0
"2020-03-29","Germany","Hamburg",0,0,0,100,1846,81,-96,0,0,4,0
"2020-03-29","Germany","Hesse",0,0,0,42,2605,1,-42,0,0,0,0
"2020-03-29","Germany","Mecklenburg-Western Pomerania",0,0,0,22,348,40,-19,0,0,3,0
"2020-03-29","Germany","Lower Saxony",0,0,0,43,3450,300,-39,0,0,4,0
"2020-03-29","Germany","North Rhine-Westphalia",0,0,0,64,11400,793,-59,0,0,5,0
"2020-03-29","Germany","Rhineland-Palatinate",0,0,0,59,2396,184,-54,0,0,5,0
"2020-03-29","Germany","Saarland",0,0,0,57,560,10,-56,0,0,1,0
"2020-03-29","Germany","Saxony",0,0,0,40,1617,185,-35,0,0,5,0
"2020-03-29","Germany","Saxony-Anhalt",0,0,0,27,592,134,-21,0,0,6,0
"2020-03-29","Germany","Schleswig-Holstein",0,0,0,35,1005,90,-32,0,0,3,0
"2020-03-29","Germany","Thuringia",0,0,0,33,697,113,-27,0,0,6,0
"2020-03-03 21:00:00","Spain","Andaluca",1,0,0,0,13,13,0,0,1,0,0
"2020-03-03 21:00:00","Spain","Aragn",0,0,0,0,0,0,0,0,0,0,0
"2020-03-03 21:00:00","Spain","Asturias",1,0,0,0,2,2,0,0,1,0,0
"2020-03-03 21:00:00","Spain","Baleares",0,0,0,0,5,5,0,0,0,0,0
"2020-03-03 21:00:00","Spain","Canarias",0,0,0,0,7,7,0,0,0,0,0
"2020-03-03 21:00:00","Spain","Cantabria",0,0,0,0,10,10,0,0,0,0,0
"2020-03-03 21:00:00","Spain","Castilla La Mancha",1,0,0,0,12,12,0,0,1,0,0
"2020-03-03 21:00:00","Spain","Castilla y Len",1,0,0,0,11,11,0,0,1,0,0
"2020-03-03 21:00:00","Spain","Catalua",0,0,0,0,15,15,0,0,0,0,0
"2020-03-03 21:00:00","Spain","Ceuta",0,0,0,0,0,0,0,0,0,0,0
"2020-03-03 21:00:00","Spain","Comunidad Valenciana",0,0,0,1,19,19,0,0,0,1,0
"2020-03-03 21:00:00","Spain","Extremadura",0,0,0,0,6,6,0,0,0,0,0
"2020-03-03 21:00:00","Spain","Galicia",0,0,0,0,1,1,0,0,0,0,0
"2020-03-03 21:00:00","Spain","Madrid",2,0,0,0,70,70,0,0,2,0,0
"2020-03-03 21:00:00","Spain","Melilla",0,0,0,0,0,0,0,0,0,0,0
"2020-03-03 21:00:00","Spain","Murcia",0,0,0,0,0,0,0,0,0,0,0
"2020-03-03 21:00:00","Spain","Navarra",1,0,0,0,3,3,0,0,1,0,0
"2020-03-03 21:00:00","Spain","Pas Vasco",0,0,0,0,17,17,0,0,0,0,0
"2020-03-03 21:00:00","Spain","La Rioja",0,0,0,0,7,7,0,0,0,0,0
"2020-03-04 21:00:00","Spain","Andaluca",1,0,0,0,12,-1,0,0,0,0,0
"2020-03-04 21:00:00","Spain","Aragn",1,0,0,0,1,1,0,0,1,0,0
"2020-03-04 21:00:00","Spain","Asturias",2,0,0,0,5,3,0,0,1,0,0
"2020-03-04 21:00:00","Spain","Baleares",0,0,0,0,6,1,0,0,0,0,0
"2020-03-04 21:00:00","Spain","Canarias",0,0,0,0,8,1,0,0,0,0,0
"2020-03-04 21:00:00","Spain","Cantabria",0,0,0,0,10,0,0,0,0,0,0
"2020-03-04 21:00:00","Spain","Castilla La Mancha",1,0,0,0,13,1,0,0,0,0,0
"2020-03-04 21:00:00","Spain","Castilla y Len",1,0,0,0,11,0,0,0,0,0,0
"2020-03-04 21:00:00","Spain","Catalua",0,0,0,0,24,9,0,0,0,0,0
"2020-03-04 21:00:00","Spain","Ceuta",0,0,0,0,0,0,0,0,0,0,0
"2020-03-04 21:00:00","Spain","Comunidad Valenciana",0,0,0,1,19,0,-1,0,0,0,0
"2020-03-04 21:00:00","Spain","Extremadura",0,0,0,0,6,0,0,0,0,0,0
"2020-03-04 21:00:00","Spain","Galicia",0,0,0,0,1,0,0,0,0,0,0
"2020-03-04 21:00:00","Spain","Madrid",2,0,0,1,90,20,0,0,0,1,0
"2020-03-04 21:00:00","Spain","Melilla",0,0,0,0,0,0,0,0,0,0,0
"2020-03-04 21:00:00","Spain","Murcia",0,0,0,0,0,0,0,0,0,0,0
"2020-03-04 21:00:00","Spain","Navarra",1,0,0,0,3,0,0,0,0,0,0
"2020-03-04 21:00:00","Spain","Pas Vasco",0,0,0,1,17,0,0,0,0,1,0
"2020-03-04 21:00:00","Spain","La Rioja",0,0,0,0,11,4,0,0,0,0,0
"2020-03-05 21:00:00","Spain","Andaluca",1,0,0,0,21,9,0,0,0,0,0
"2020-03-05 21:00:00","Spain","Aragn",1,0,0,1,6,5,0,0,0,1,0
"2020-03-05 21:00:00","Spain","Asturias",2,0,0,0,5,0,0,0,0,0,0
"2020-03-05 21:00:00","Spain","Baleares",0,0,0,0,6,0,0,0,0,0,0
"2020-03-05 21:00:00","Spain","Canarias",0,0,0,0,11,3,0,0,0,0,0
"2020-03-05 21:00:00","Spain","Cantabria",0,0,0,0,10,0,0,0,0,0,0
"2020-03-05 21:00:00","Spain","Castilla La Mancha",1,0,0,0,15,2,0,0,0,0,0
"2020-03-05 21:00:00","Spain","Castilla y Len",1,0,0,0,14,3,0,0,0,0,0
"2020-03-05 21:00:00","Spain","Catalua",0,0,0,0,24,0,0,0,0,0,0
"2020-03-05 21:00:00","Spain","Ceuta",0,0,0,0,0,0,0,0,0,0,0
"2020-03-05 21:00:00","Spain","Comunidad Valenciana",1,0,0,1,30,11,-1,0,1,0,0
"2020-03-05 21:00:00","Spain","Extremadura",0,0,0,0,6,0,0,0,0,0,0
"2020-03-05 21:00:00","Spain","Galicia",0,0,0,0,3,2,0,0,0,0,0
"2020-03-05 21:00:00","Spain","Madrid",2,0,0,2,137,47,-1,0,0,1,0
"2020-03-05 21:00:00","Spain","Melilla",0,0,0,0,0,0,0,0,0,0,0
"2020-03-05 21:00:00","Spain","Murcia",0,0,0,0,0,0,0,0,0,0,0
"2020-03-05 21:00:00","Spain","Navarra",1,0,0,0,3,0,0,0,0,0,0
"2020-03-05 21:00:00","Spain","Pas Vasco",1,0,0,1,45,28,-1,0,1,0,0
"2020-03-05 21:00:00","Spain","La Rioja",0,0,0,0,29,18,0,0,0,0,0
"2020-03-06 21:00:00","Spain","Andaluca",1,0,0,0,54,33,0,0,0,0,0
"2020-03-06 21:00:00","Spain","Aragn",1,0,0,1,13,7,-1,0,0,0,0
"2020-03-06 21:00:00","Spain","Asturias",2,0,0,0,7,2,0,0,0,0,0
"2020-03-06 21:00:00","Spain","Baleares",0,0,0,0,11,5,0,0,0,0,0
"2020-03-06 21:00:00","Spain","Canarias",0,0,0,0,22,11,0,0,0,0,0
"2020-03-06 21:00:00","Spain","Cantabria",0,0,0,0,12,2,0,0,0,0,0
"2020-03-06 21:00:00","Spain","Castilla La Mancha",2,0,0,0,26,11,0,0,1,0,0
"2020-03-06 21:00:00","Spain","Castilla y Len",1,0,0,0,23,9,0,0,0,0,0
"2020-03-06 21:00:00","Spain","Catalua",0,0,0,1,75,51,0,0,0,1,0
"2020-03-06 21:00:00","Spain","Ceuta",0,0,0,0,0,0,0,0,0,0,0
"2020-03-06 21:00:00","Spain","Comunidad Valenciana",1,0,0,1,37,7,-1,0,0,0,0
"2020-03-06 21:00:00","Spain","Extremadura",0,0,0,0,7,1,0,0,0,0,0
"2020-03-06 21:00:00","Spain","Galicia",0,0,0,0,6,3,0,0,0,0,0
"2020-03-06 21:00:00","Spain","Madrid",53,0,0,8,469,332,-2,0,51,6,0
"2020-03-06 21:00:00","Spain","Melilla",0,0,0,0,0,0,0,0,0,0,0
"2020-03-06 21:00:00","Spain","Murcia",0,0,0,0,4,4,0,0,0,0,0
"2020-03-06 21:00:00","Spain","Navarra",1,0,0,0,3,0,0,0,0,0,0
"2020-03-06 21:00:00","Spain","Pas Vasco",5,0,0,5,149,104,-1,0,4,4,0
"2020-03-06 21:00:00","Spain","La Rioja",1,0,0,0,81,52,0,0,1,0,0
"2020-03-09 21:00:00","Spain","Andaluca",1,0,0,0,71,17,0,0,0,0,0
"2020-03-09 21:00:00","Spain","Aragn",3,0,0,3,38,25,-1,0,2,2,0
"2020-03-09 21:00:00","Spain","Asturias",2,0,0,0,22,15,0,0,0,0,0
"2020-03-09 21:00:00","Spain","Baleares",1,0,0,0,13,2,0,0,1,0,0
"2020-03-09 21:00:00","Spain","Canarias",1,0,0,0,25,3,0,0,1,0,0
"2020-03-09 21:00:00","Spain","Cantabria",0,0,0,0,12,0,0,0,0,0,0
"2020-03-09 21:00:00","Spain","Castilla La Mancha",2,0,0,0,39,13,0,0,0,0,0
"2020-03-09 21:00:00","Spain","Castilla y Len",2,0,0,0,56,33,0,0,1,0,0
"2020-03-09 21:00:00","Spain","Catalua",0,0,0,3,124,49,-1,0,0,2,0
"2020-03-09 21:00:00","Spain","Ceuta",0,0,0,0,0,0,0,0,0,0,0
"2020-03-09 21:00:00","Spain","Comunidad Valenciana",1,0,0,1,50,13,-1,0,0,0,0
"2020-03-09 21:00:00","Spain","Extremadura",0,0,0,0,8,1,0,0,0,0,0
"2020-03-09 21:00:00","Spain","Galicia",2,0,0,0,22,16,0,0,2,0,0
"2020-03-09 21:00:00","Spain","Madrid",77,0,0,21,782,313,-8,0,24,13,0
"2020-03-09 21:00:00","Spain","Melilla",0,0,0,0,0,0,0,0,0,0,0
"2020-03-09 21:00:00","Spain","Murcia",0,0,0,0,9,5,0,0,0,0,0
"2020-03-09 21:00:00","Spain","Navarra",2,0,0,0,12,9,0,0,1,0,0
"2020-03-09 21:00:00","Spain","Pas Vasco",5,0,0,6,195,46,-5,0,0,1,0
"2020-03-09 21:00:00","Spain","La Rioja",1,0,0,1,144,63,0,0,0,1,0
"2020-03-10 21:00:00","Spain","Andaluca",3,0,0,0,90,19,0,0,2,0,0
"2020-03-10 21:00:00","Spain","Aragn",3,0,0,4,45,7,-3,0,0,1,0
"2020-03-10 21:00:00","Spain","Asturias",2,0,0,0,32,10,0,0,0,0,0
"2020-03-10 21:00:00","Spain","Baleares",1,0,0,0,16,3,0,0,0,0,0
"2020-03-10 21:00:00","Spain","Canarias",1,0,0,0,37,12,0,0,0,0,0
"2020-03-10 21:00:00","Spain","Cantabria",0,0,0,0,12,0,0,0,0,0,0
"2020-03-10 21:00:00","Spain","Castilla La Mancha",5,0,0,0,71,32,0,0,3,0,0
"2020-03-10 21:00:00","Spain","Castilla y Len",2,0,0,0,71,15,0,0,0,0,0
"2020-03-10 21:00:00","Spain","Catalua",0,0,0,3,156,32,-3,0,0,0,0
"2020-03-10 21:00:00","Spain","Ceuta",0,0,0,0,0,0,0,0,0,0,0
"2020-03-10 21:00:00","Spain","Comunidad Valenciana",1,0,0,1,65,15,-1,0,0,0,0
"2020-03-10 21:00:00","Spain","Extremadura",1,0,0,0,9,1,0,0,1,0,0
"2020-03-10 21:00:00","Spain","Galicia",2,0,0,0,39,17,0,0,0,0,0
"2020-03-10 21:00:00","Spain","Madrid",102,0,0,31,1024,242,-21,0,25,10,0
"2020-03-10 21:00:00","Spain","Melilla",0,0,0,0,0,0,0,0,0,0,0
"2020-03-10 21:00:00","Spain","Murcia",0,0,0,0,11,2,0,0,0,0,0
"2020-03-10 21:00:00","Spain","Navarra",3,0,0,0,46,34,0,0,1,0,0
"2020-03-10 21:00:00","Spain","Pas Vasco",15,0,0,6,225,30,-6,0,10,0,0
"2020-03-10 21:00:00","Spain","La Rioja",1,0,0,2,179,35,-1,0,0,1,0
"2020-03-11 21:00:00","Spain","Andaluca",4,0,0,0,115,25,0,0,1,0,0
"2020-03-11 21:00:00","Spain","Aragn",3,0,0,6,64,19,-4,0,0,2,0
"2020-03-11 21:00:00","Spain","Asturias",2,0,0,1,47,15,0,0,0,1,0
"2020-03-11 21:00:00","Spain","Baleares",2,0,0,1,22,6,0,0,1,1,0
"2020-03-11 21:00:00","Spain","Canarias",3,0,0,0,51,14,0,0,2,0,0
"2020-03-11 21:00:00","Spain","Cantabria",0,0,0,0,16,4,0,0,0,0,0
"2020-03-11 21:00:00","Spain","Castilla La Mancha",9,0,0,1,115,44,0,0,4,1,0
"2020-03-11 21:00:00","Spain","Castilla y Len",4,0,0,0,92,21,0,0,2,0,0
"2020-03-11 21:00:00","Spain","Catalua",0,0,0,4,260,104,-3,0,0,1,0
"2020-03-11 21:00:00","Spain","Ceuta",0,0,0,0,0,0,0,0,0,0,0
"2020-03-11 21:00:00","Spain","Comunidad Valenciana",2,0,0,1,76,11,-1,0,1,0,0
"2020-03-11 21:00:00","Spain","Extremadura",1,0,0,1,19,10,0,0,0,1,0
"2020-03-11 21:00:00","Spain","Galicia",2,0,0,0,35,-4,0,0,0,0,0
"2020-03-11 21:00:00","Spain","Madrid",135,0,0,56,1388,364,-31,0,33,25,0
"2020-03-11 21:00:00","Spain","Melilla",0,0,0,0,0,0,0,0,0,0,0
"2020-03-11 21:00:00","Spain","Murcia",1,0,0,0,26,15,0,0,1,0,0
"2020-03-11 21:00:00","Spain","Navarra",3,0,0,0,73,27,0,0,0,0,0
"2020-03-11 21:00:00","Spain","Pas Vasco",18,0,0,11,346,121,-6,0,3,5,0
"2020-03-11 21:00:00","Spain","La Rioja",1,0,0,2,205,26,-2,0,0,0,0
"2020-03-12 21:00:00","Spain","Andaluca",8,0,0,0,219,104,0,0,4,0,0
"2020-03-12 21:00:00","Spain","Aragn",3,0,0,7,80,16,-6,0,0,1,0
"2020-03-12 21:00:00","Spain","Asturias",2,0,0,1,67,20,-1,0,0,0,0
"2020-03-12 21:00:00","Spain","Baleares",2,0,0,1,30,8,-1,0,0,0,0
"2020-03-12 21:00:00","Spain","Canarias",2,0,0,0,70,19,0,0,-1,0,0
"2020-03-12 21:00:00","Spain","Cantabria",0,0,0,0,29,13,0,0,0,0,0
"2020-03-12 21:00:00","Spain","Castilla La Mancha",10,0,0,5,194,79,-1,0,1,4,0
"2020-03-12 21:00:00","Spain","Castilla y Len",8,0,0,1,169,77,0,0,4,1,0
"2020-03-12 21:00:00","Spain","Catalua",25,0,0,4,316,56,-4,0,25,0,0
"2020-03-12 21:00:00","Spain","Ceuta",0,0,0,0,0,0,0,0,0,0,0
"2020-03-12 21:00:00","Spain","Comunidad Valenciana",2,0,0,1,94,18,-1,0,0,0,0
"2020-03-12 21:00:00","Spain","Extremadura",1,0,0,1,39,20,-1,0,0,0,0
"2020-03-12 21:00:00","Spain","Galicia",2,0,0,0,85,50,0,0,0,0,0
"2020-03-12 21:00:00","Spain","Madrid",180,0,0,81,1990,602,-56,0,45,25,0
"2020-03-12 21:00:00","Spain","Melilla",0,0,0,0,2,2,0,0,0,0,0
"2020-03-12 21:00:00","Spain","Murcia",1,0,0,0,35,9,0,0,0,0,0
"2020-03-12 21:00:00","Spain","Navarra",4,0,0,0,130,57,0,0,1,0,0
"2020-03-12 21:00:00","Spain","Pas Vasco",20,0,0,14,417,71,-11,0,2,3,0
"2020-03-12 21:00:00","Spain","La Rioja",2,0,0,2,243,38,-2,0,1,0,0
"2020-03-15 21:00:00","Spain","Andaluca",11,0,0,7,554,335,0,0,3,7,0
"2020-03-15 21:00:00","Spain","Aragn",7,0,0,11,174,94,-7,0,4,4,0
"2020-03-15 21:00:00","Spain","Asturias",3,0,0,1,177,110,-1,0,1,0,0
"2020-03-15 21:00:00","Spain","Baleares",4,0,0,1,73,43,-1,0,2,0,0
"2020-03-15 21:00:00","Spain","Canarias",9,0,0,1,119,49,0,0,7,1,0
"2020-03-15 21:00:00","Spain","Cantabria",2,0,0,0,58,29,0,0,2,0,0
"2020-03-15 21:00:00","Spain","Castilla La Mancha",23,0,0,17,567,373,-5,0,13,12,0
"2020-03-15 21:00:00","Spain","Castilla y Len",24,0,0,9,334,165,-1,0,16,8,0
"2020-03-15 21:00:00","Spain","Catalua",33,0,0,12,903,587,-4,0,8,8,0
"2020-03-15 21:00:00","Spain","Ceuta",0,0,0,0,1,1,0,0,0,0,0
"2020-03-15 21:00:00","Spain","Comunidad Valenciana",4,0,0,5,409,315,-1,0,2,4,0
"2020-03-15 21:00:00","Spain","Extremadura",1,0,0,2,111,72,-1,0,0,1,0
"2020-03-15 21:00:00","Spain","Galicia",9,0,0,2,245,160,0,0,7,2,0
"2020-03-15 21:00:00","Spain","Madrid",253,0,0,213,4165,2175,-81,0,73,132,0
"2020-03-15 21:00:00","Spain","Melilla",0,0,0,0,8,6,0,0,0,0,0
"2020-03-15 21:00:00","Spain","Murcia",2,0,0,0,77,42,0,0,1,0,0
"2020-03-15 21:00:00","Spain","Navarra",5,0,0,1,274,144,0,0,1,1,0
"2020-03-15 21:00:00","Spain","Pas Vasco",29,0,0,23,630,213,-14,0,9,9,0
"2020-03-15 21:00:00","Spain","La Rioja",13,0,0,4,312,69,-2,0,11,2,0
"2020-03-16 21:00:00","Spain","Andaluca",13,0,0,11,683,129,-7,0,2,4,0
"2020-03-16 21:00:00","Spain","Aragn",9,0,0,12,207,33,-11,0,2,1,0
"2020-03-16 21:00:00","Spain","Asturias",5,0,0,1,193,16,-1,0,2,0,0
"2020-03-16 21:00:00","Spain","Baleares",4,0,0,1,92,19,-1,0,0,0,0
"2020-03-16 21:00:00","Spain","Canarias",13,0,0,2,148,29,-1,0,4,1,0
"2020-03-16 21:00:00","Spain","Cantabria",2,0,0,0,58,0,0,0,0,0,0
"2020-03-16 21:00:00","Spain","Castilla La Mancha",23,0,0,17,567,0,-17,0,0,0,0
"2020-03-16 21:00:00","Spain","Castilla y Len",24,0,0,12,431,97,-9,0,0,3,0
"2020-03-16 21:00:00","Spain","Catalua",33,0,0,18,1394,491,-12,0,0,6,0
"2020-03-16 21:00:00","Spain","Ceuta",0,0,0,0,1,0,0,0,0,0,0
"2020-03-16 21:00:00","Spain","Comunidad Valenciana",27,0,0,13,541,132,-5,0,23,8,0
"2020-03-16 21:00:00","Spain","Extremadura",2,0,0,3,153,42,-2,0,1,1,0
"2020-03-16 21:00:00","Spain","Galicia",9,0,0,3,292,47,-2,0,0,1,0
"2020-03-16 21:00:00","Spain","Madrid",340,0,0,355,4871,706,-213,0,87,142,0
"2020-03-16 21:00:00","Spain","Melilla",0,0,0,0,17,9,0,0,0,0,0
"2020-03-16 21:00:00","Spain","Murcia",3,0,0,0,97,20,0,0,1,0,0
"2020-03-16 21:00:00","Spain","Navarra",10,0,0,2,313,39,-1,0,5,1,0
"2020-03-16 21:00:00","Spain","Pas Vasco",33,0,0,36,765,135,-23,0,4,13,0
"2020-03-16 21:00:00","Spain","La Rioja",13,0,0,5,355,43,-4,0,0,1,0
"2020-03-17 21:00:00","Spain","Andaluca",21,0,0,19,859,176,-11,0,8,8,0
"2020-03-17 21:00:00","Spain","Aragn",9,0,0,13,226,19,-12,0,0,1,0
"2020-03-17 21:00:00","Spain","Asturias",5,0,0,1,242,49,-1,0,0,0,0
"2020-03-17 21:00:00","Spain","Baleares",4,0,0,1,112,20,-1,0,0,0,0
"2020-03-17 21:00:00","Spain","Canarias",17,0,0,3,181,33,-2,0,4,1,0
"2020-03-17 21:00:00","Spain","Cantabria",3,0,0,1,68,10,0,0,1,1,0
"2020-03-17 21:00:00","Spain","Castilla La Mancha",29,0,0,28,675,108,-17,0,6,11,0
"2020-03-17 21:00:00","Spain","Castilla y Len",43,0,0,22,668,237,-12,0,19,10,0
"2020-03-17 21:00:00","Spain","Catalua",33,0,0,41,1866,472,-18,0,0,23,0
"2020-03-17 21:00:00","Spain","Ceuta",0,0,0,0,1,0,0,0,0,0,0
"2020-03-17 21:00:00","Spain","Comunidad Valenciana",40,0,0,22,726,185,-13,0,13,9,0
"2020-03-17 21:00:00","Spain","Extremadura",3,0,0,6,194,41,-3,0,1,3,0
"2020-03-17 21:00:00","Spain","Galicia",12,0,0,3,341,49,-3,0,3,0,0
"2020-03-17 21:00:00","Spain","Madrid",491,0,0,390,5637,766,-355,0,151,35,0
"2020-03-17 21:00:00","Spain","Melilla",0,0,0,0,20,3,0,0,0,0,0
"2020-03-17 21:00:00","Spain","Murcia",4,0,0,0,122,25,0,0,1,0,0
"2020-03-17 21:00:00","Spain","Navarra",10,0,0,3,386,73,-2,0,0,1,0
"2020-03-17 21:00:00","Spain","Pas Vasco",37,0,0,40,973,208,-36,0,4,4,0
"2020-03-17 21:00:00","Spain","La Rioja",13,0,0,5,419,64,-5,0,0,0,0
"2020-03-18 21:00:00","Spain","Andaluca",25,0,0,23,1008,149,-19,0,4,4,0
"2020-03-18 21:00:00","Spain","Aragn",14,0,0,15,281,55,-13,0,5,2,0
"2020-03-18 21:00:00","Spain","Asturias",6,0,0,1,292,50,-1,0,1,0,0
"2020-03-18 21:00:00","Spain","Baleares",7,0,0,2,169,57,-1,0,3,1,0
"2020-03-18 21:00:00","Spain","Canarias",23,0,0,3,220,39,-3,0,6,0,0
"2020-03-18 21:00:00","Spain","Cantabria",4,0,0,1,83,15,-1,0,1,0,0
"2020-03-18 21:00:00","Spain","Castilla La Mancha",37,0,0,42,801,126,-28,0,8,14,0
"2020-03-18 21:00:00","Spain","Castilla y Len",54,0,0,29,868,200,-22,0,11,7,0
"2020-03-18 21:00:00","Spain","Catalua",33,0,0,55,2702,836,-41,0,0,14,0
"2020-03-18 21:00:00","Spain","Ceuta",0,0,0,0,1,0,0,0,0,0,0
"2020-03-18 21:00:00","Spain","Comunidad Valenciana",52,0,0,24,921,195,-22,0,12,2,0
"2020-03-18 21:00:00","Spain","Extremadura",3,0,0,8,241,47,-6,0,0,2,0
"2020-03-18 21:00:00","Spain","Galicia",15,0,0,4,453,112,-3,0,3,1,0
"2020-03-18 21:00:00","Spain","Madrid",590,0,0,498,6777,1140,-390,0,99,108,0
"2020-03-18 21:00:00","Spain","Melilla",0,0,0,0,23,3,0,0,0,0,0
"2020-03-18 21:00:00","Spain","Murcia",6,0,0,0,167,45,0,0,2,0,0
"2020-03-18 21:00:00","Spain","Navarra",11,0,0,4,482,96,-3,0,1,1,0
"2020-03-18 21:00:00","Spain","Pas Vasco",44,0,0,53,1190,217,-40,0,7,13,0
"2020-03-18 21:00:00","Spain","La Rioja",15,0,0,5,468,49,-5,0,2,0,0
"2020-03-19 21:00:00","Spain","Andaluca",38,0,0,30,1287,279,-23,0,13,7,0
"2020-03-19 21:00:00","Spain","Aragn",28,0,0,17,360,79,-15,0,14,2,0
"2020-03-19 21:00:00","Spain","Asturias",7,0,0,2,344,52,-1,0,1,1,0
"2020-03-19 21:00:00","Spain","Baleares",10,0,0,2,203,34,-2,0,3,0,0
"2020-03-19 21:00:00","Spain","Canarias",25,0,0,4,287,67,-3,0,2,1,0
"2020-03-19 21:00:00","Spain","Cantabria",7,0,0,1,144,61,-1,0,3,0,0
"2020-03-19 21:00:00","Spain","Castilla La Mancha",37,0,0,62,1044,243,-42,0,0,20,0
"2020-03-19 21:00:00","Spain","Castilla y Len",69,0,0,43,1147,279,-29,0,15,14,0
"2020-03-19 21:00:00","Spain","Catalua",33,0,0,82,3270,568,-55,0,0,27,0
"2020-03-19 21:00:00","Spain","Ceuta",0,0,0,0,5,4,0,0,0,0,0
"2020-03-19 21:00:00","Spain","Comunidad Valenciana",71,0,0,33,1105,184,-24,0,19,9,0
"2020-03-19 21:00:00","Spain","Extremadura",4,0,0,10,297,56,-8,0,1,2,0
"2020-03-19 21:00:00","Spain","Galicia",19,0,0,5,578,125,-4,0,4,1,0
"2020-03-19 21:00:00","Spain","Madrid",678,0,0,628,7165,388,-498,0,88,130,0
"2020-03-19 21:00:00","Spain","Melilla",1,0,0,0,24,1,0,0,1,0,0
"2020-03-19 21:00:00","Spain","Murcia",11,0,0,0,204,37,0,0,5,0,0
"2020-03-19 21:00:00","Spain","Navarra",19,0,0,5,554,72,-4,0,8,1,0
"2020-03-19 21:00:00","Spain","Pas Vasco",53,0,0,71,1465,275,-53,0,9,18,0
"2020-03-19 21:00:00","Spain","La Rioja",15,0,0,7,497,29,-5,0,0,2,0
"2020-03-20 21:00:00","Spain","Andaluca",53,605,0,40,1515,228,575,605,15,10,0
"2020-03-20 21:00:00","Spain","Aragn",33,192,0,22,424,64,175,192,5,5,0
"2020-03-20 21:00:00","Spain","Asturias",12,133,0,5,486,142,131,133,5,3,0
"2020-03-20 21:00:00","Spain","Baleares",14,60,0,4,246,43,58,60,4,2,0
"2020-03-20 21:00:00","Spain","Canarias",29,139,0,7,348,61,135,139,4,3,0
"2020-03-20 21:00:00","Spain","Cantabria",9,92,0,2,215,71,91,92,2,1,0
"2020-03-20 21:00:00","Spain","Castilla La Mancha",65,635,0,84,1423,379,573,635,28,22,0
"2020-03-20 21:00:00","Spain","Castilla y Len",85,575,0,55,1466,319,532,575,16,12,0
"2020-03-20 21:00:00","Spain","Catalua",298,1681,0,122,4203,933,1599,1681,265,40,0
"2020-03-20 21:00:00","Spain","Ceuta",0,0,0,0,5,0,0,0,0,0,0
"2020-03-20 21:00:00","Spain","Comunidad Valenciana",84,476,0,50,1363,258,443,476,13,17,0
"2020-03-20 21:00:00","Spain","Extremadura",6,65,0,12,354,57,55,65,2,2,0
"2020-03-20 21:00:00","Spain","Galicia",29,168,0,9,739,161,163,168,10,4,0
"2020-03-20 21:00:00","Spain","Madrid",767,7388,0,804,8921,1756,6760,7388,89,176,0
"2020-03-20 21:00:00","Spain","Melilla",1,8,0,0,25,1,8,8,0,0,0
"2020-03-20 21:00:00","Spain","Murcia",14,61,0,1,240,36,61,61,3,1,0
"2020-03-20 21:00:00","Spain","Navarra",25,222,0,9,664,110,217,222,6,4,0
"2020-03-20 21:00:00","Spain","Pas Vasco",71,654,0,85,1725,260,583,654,18,14,0
"2020-03-20 21:00:00","Spain","La Rioja",17,128,0,15,564,67,121,128,2,8,0
"2020-03-21 21:00:00","Spain","Andaluca",55,724,0,47,1725,210,684,119,2,7,0
"2020-03-21 21:00:00","Spain","Aragn",45,241,0,24,532,108,219,49,12,2,0
"2020-03-21 21:00:00","Spain","Asturias",15,171,0,8,545,59,166,38,3,3,0
"2020-03-21 21:00:00","Spain","Baleares",14,79,0,4,331,85,75,19,0,0,0
"2020-03-21 21:00:00","Spain","Canarias",32,150,0,9,414,66,143,11,3,2,0
"2020-03-21 21:00:00","Spain","Cantabria",9,116,0,5,282,67,114,24,0,3,0
"2020-03-21 21:00:00","Spain","Castilla La Mancha",76,838,0,112,1819,396,754,203,11,28,0
"2020-03-21 21:00:00","Spain","Castilla y Len",106,709,0,74,1744,278,654,134,21,19,0
"2020-03-21 21:00:00","Spain","Catalua",298,1681,0,191,4704,501,1559,0,0,69,0
"2020-03-21 21:00:00","Spain","Ceuta",0,0,0,0,5,0,0,0,0,0,0
"2020-03-21 21:00:00","Spain","Comunidad Valenciana",113,590,0,69,1604,241,540,114,29,19,0
"2020-03-21 21:00:00","Spain","Extremadura",8,87,0,14,384,30,75,22,2,2,0
"2020-03-21 21:00:00","Spain","Galicia",35,227,0,12,915,176,218,59,6,3,0
"2020-03-21 21:00:00","Spain","Madrid",834,8441,0,1020,9702,781,7637,1053,67,216,0
"2020-03-21 21:00:00","Spain","Melilla",1,12,0,0,25,0,12,4,0,0,0
"2020-03-21 21:00:00","Spain","Murcia",16,78,0,1,296,56,77,17,2,0,0
"2020-03-21 21:00:00","Spain","Navarra",30,288,0,14,794,130,279,66,5,5,0
"2020-03-21 21:00:00","Spain","Pas Vasco",81,988,0,97,2097,372,903,334,10,12,0
"2020-03-21 21:00:00","Spain","La Rioja",17,134,0,18,654,90,119,6,0,3,0
"2020-03-22 21:00:00","Spain","Andaluca",77,865,50,58,1960,235,818,141,22,11,50
"2020-03-22 21:00:00","Spain","Aragn",52,298,3,32,638,106,274,57,7,8,3
"2020-03-22 21:00:00","Spain","Asturias",22,194,21,12,594,49,186,23,7,4,21
"2020-03-22 21:00:00","Spain","Baleares",27,87,18,10,400,69,83,8,13,6,18
"2020-03-22 21:00:00","Spain","Canarias",32,172,7,11,481,67,163,22,0,2,7
"2020-03-22 21:00:00","Spain","Cantabria",14,157,11,6,347,65,152,41,5,1,11
"2020-03-22 21:00:00","Spain","Castilla La Mancha",142,1547,51,145,2078,259,1435,709,66,33,51
"2020-03-22 21:00:00","Spain","Castilla y Len",120,860,117,102,2055,311,786,151,14,28,117
"2020-03-22 21:00:00","Spain","Catalua",551,1681,644,245,5925,1221,1490,0,253,54,644
"2020-03-22 21:00:00","Spain","Ceuta",0,0,0,0,6,1,0,0,0,0,0
"2020-03-22 21:00:00","Spain","Comunidad Valenciana",138,702,36,94,1901,297,633,112,25,25,36
"2020-03-22 21:00:00","Spain","Extremadura",13,131,6,18,493,109,117,44,5,4,6
"2020-03-22 21:00:00","Spain","Galicia",47,270,19,18,1208,293,258,43,12,6,19
"2020-03-22 21:00:00","Spain","Madrid",942,9561,2063,1263,10575,873,8541,1120,108,243,2063
"2020-03-22 21:00:00","Spain","Melilla",1,12,0,0,28,3,12,0,0,0,0
"2020-03-22 21:00:00","Spain","Murcia",23,80,1,2,345,49,79,2,7,1,1
"2020-03-22 21:00:00","Spain","Navarra",40,339,7,24,886,92,325,51,10,10,7
"2020-03-22 21:00:00","Spain","Pas Vasco",92,1252,283,120,2421,324,1155,264,11,23,283
"2020-03-22 21:00:00","Spain","La Rioja",22,166,18,22,747,93,148,32,5,4,18
"2020-03-23 21:00:00","Spain","Andaluca",102,1132,66,87,2471,511,1024,267,25,29,16
"2020-03-23 21:00:00","Spain","Aragn",66,384,3,37,758,120,349,86,14,5,0
"2020-03-23 21:00:00","Spain","Asturias",23,224,30,22,662,68,191,30,1,10,9
"2020-03-23 21:00:00","Spain","Baleares",35,127,19,10,478,78,99,40,8,0,1
"2020-03-23 21:00:00","Spain","Canarias",36,207,8,16,557,76,189,35,4,5,1
"2020-03-23 21:00:00","Spain","Cantabria",16,200,12,9,425,78,183,43,2,3,1
"2020-03-23 21:00:00","Spain","Castilla La Mancha",182,1826,53,216,2465,387,1630,279,40,71,2
"2020-03-23 21:00:00","Spain","Castilla y Len",137,1057,140,124,2460,405,838,197,17,22,23
"2020-03-23 21:00:00","Spain","Catalua",551,3599,728,282,7864,1939,2710,1918,0,37,84
"2020-03-23 21:00:00","Spain","Ceuta",0,0,0,0,6,0,0,0,0,0,0
"2020-03-23 21:00:00","Spain","Comunidad Valenciana",161,917,37,115,2167,266,787,215,23,21,1
"2020-03-23 21:00:00","Spain","Extremadura",20,161,8,26,636,143,137,30,7,8,2
"2020-03-23 21:00:00","Spain","Galicia",55,338,19,20,1415,207,301,68,8,2,0
"2020-03-23 21:00:00","Spain","Madrid",1050,10443,2291,1535,12352,1777,7117,882,108,272,228
"2020-03-23 21:00:00","Spain","Melilla",1,12,0,0,28,0,12,0,0,0,0
"2020-03-23 21:00:00","Spain","Murcia",26,99,1,3,385,40,96,19,3,1,0
"2020-03-23 21:00:00","Spain","Navarra",45,405,11,31,1014,128,374,66,5,7,4
"2020-03-23 21:00:00","Spain","Pas Vasco",106,1425,344,133,2728,307,1022,173,14,13,61
"2020-03-23 21:00:00","Spain","La Rioja",24,206,24,30,802,55,166,40,2,8,6
"2020-03-24 21:00:00","Spain","Andaluca",116,1433,71,113,3010,539,1280,301,14,26,5
"2020-03-24 21:00:00","Spain","Aragn",75,459,4,40,907,149,419,75,9,3,1
"2020-03-24 21:00:00","Spain","Asturias",29,263,35,25,779,117,211,39,6,3,5
"2020-03-24 21:00:00","Spain","Baleares",40,164,28,13,562,84,135,37,5,3,9
"2020-03-24 21:00:00","Spain","Canarias",43,235,15,21,657,100,211,28,7,5,7
"2020-03-24 21:00:00","Spain","Cantabria",18,241,12,14,510,85,220,41,2,5,0
"2020-03-24 21:00:00","Spain","Castilla La Mancha",210,2162,71,263,2780,315,1893,336,28,47,18
"2020-03-24 21:00:00","Spain","Castilla y Len",170,1244,213,165,2940,480,980,187,33,41,73
"2020-03-24 21:00:00","Spain","Catalua",781,5434,1274,516,9937,2073,4424,1835,230,234,546
"2020-03-24 21:00:00","Spain","Ceuta",1,2,0,0,9,3,2,2,1,0,0
"2020-03-24 21:00:00","Spain","Comunidad Valenciana",198,1071,44,143,2616,449,919,154,37,28,7
"2020-03-24 21:00:00","Spain","Extremadura",28,209,8,39,742,106,175,48,8,13,0
"2020-03-24 21:00:00","Spain","Galicia",69,412,25,27,1653,238,373,74,14,7,6
"2020-03-24 21:00:00","Spain","Madrid",1150,11152,3031,1825,14597,2245,7326,709,100,290,740
"2020-03-24 21:00:00","Spain","Melilla",2,14,0,0,38,10,14,2,1,0,0
"2020-03-24 21:00:00","Spain","Murcia",33,127,4,5,477,92,123,28,7,2,3
"2020-03-24 21:00:00","Spain","Navarra",51,506,23,33,1197,183,464,101,6,2,12
"2020-03-24 21:00:00","Spain","Pas Vasco",119,1577,466,155,3271,543,1100,152,13,22,122
"2020-03-24 21:00:00","Spain","La Rioja",33,254,43,37,928,126,200,48,9,7,19
"2020-03-25 21:00:00","Spain","Andaluca",134,1626,77,134,3406,396,1442,193,18,21,6
"2020-03-25 21:00:00","Spain","Aragn",93,562,4,48,1115,208,518,103,18,8,0
"2020-03-25 21:00:00","Spain","Asturias",34,300,40,27,841,62,240,37,5,2,5
"2020-03-25 21:00:00","Spain","Baleares",43,205,39,17,660,98,164,41,3,4,11
"2020-03-25 21:00:00","Spain","Canarias",45,279,18,24,784,127,243,44,2,3,3
"2020-03-25 21:00:00","Spain","Cantabria",26,300,14,17,671,161,274,59,8,3,2
"2020-03-25 21:00:00","Spain","Castilla La Mancha",243,2162,95,316,3383,603,1828,0,33,53,24
"2020-03-25 21:00:00","Spain","Castilla y Len",202,1515,308,206,3488,548,1137,271,32,41,95
"2020-03-25 21:00:00","Spain","Catalua",1020,7439,1696,672,11592,1655,5649,2005,239,156,422
"2020-03-25 21:00:00","Spain","Ceuta",2,2,0,0,10,1,2,0,1,0,0
"2020-03-25 21:00:00","Spain","Comunidad Valenciana",230,1278,57,167,3200,584,1091,207,32,24,13
"2020-03-25 21:00:00","Spain","Extremadura",34,241,24,58,969,227,194,32,6,19,16
"2020-03-25 21:00:00","Spain","Galicia",86,503,47,32,1915,262,451,91,17,5,22
"2020-03-25 21:00:00","Spain","Madrid",1220,12440,3881,2090,17166,2569,7584,1288,70,265,850
"2020-03-25 21:00:00","Spain","Melilla",2,16,0,1,39,1,16,2,0,1,0
"2020-03-25 21:00:00","Spain","Murcia",36,172,9,8,596,119,163,45,3,3,5
"2020-03-25 21:00:00","Spain","Navarra",54,649,35,49,1411,214,593,143,3,16,12
"2020-03-25 21:00:00","Spain","Pas Vasco",137,1906,621,180,3946,675,1285,329,18,25,155
"2020-03-25 21:00:00","Spain","La Rioja",36,316,48,43,995,67,236,62,3,6,5
"2020-03-26 21:00:00","Spain","Andaluca",148,1843,92,144,3793,387,1632,217,14,10,15
"2020-03-26 21:00:00","Spain","Aragn",114,693,8,58,1338,223,641,131,21,10,4
"2020-03-26 21:00:00","Spain","Asturias",47,339,52,29,900,59,272,39,13,2,12
"2020-03-26 21:00:00","Spain","Baleares",46,237,67,22,755,95,181,32,3,5,28
"2020-03-26 21:00:00","Spain","Canarias",61,328,20,27,878,94,286,49,16,3,2
"2020-03-26 21:00:00","Spain","Cantabria",29,355,19,21,810,139,324,55,3,4,5
"2020-03-26 21:00:00","Spain","Castilla La Mancha",273,2707,153,367,3933,550,2296,545,30,51,58
"2020-03-26 21:00:00","Spain","Castilla y Len",228,1791,423,252,4132,644,1277,276,26,46,115
"2020-03-26 21:00:00","Spain","Catalua",1187,8545,2348,880,12940,1348,6177,1106,167,208,652
"2020-03-26 21:00:00","Spain","Ceuta",2,2,0,0,17,7,2,0,0,0,0
"2020-03-26 21:00:00","Spain","Comunidad Valenciana",252,1422,73,198,3532,332,1198,144,22,31,16
"2020-03-26 21:00:00","Spain","Extremadura",41,277,33,69,1230,261,195,36,7,11,9
"2020-03-26 21:00:00","Spain","Galicia",98,557,67,43,2322,407,478,54,12,11,20
"2020-03-26 21:00:00","Spain","Madrid",1311,13580,5044,2412,19243,2077,7609,1140,91,322,1163
"2020-03-26 21:00:00","Spain","Melilla",2,18,0,1,42,3,17,2,0,0,0
"2020-03-26 21:00:00","Spain","Murcia",53,209,12,15,714,118,192,37,17,7,3
"2020-03-26 21:00:00","Spain","Navarra",75,732,70,58,1641,230,648,83,21,9,35
"2020-03-26 21:00:00","Spain","Pas Vasco",154,2270,814,207,4601,655,1469,364,17,27,193
"2020-03-26 21:00:00","Spain","La Rioja",43,388,62,55,1236,241,297,72,7,12,14
"2020-03-27 21:00:00","Spain","Andaluca",172,2106,139,175,4277,484,1870,263,24,31,47
"2020-03-27 21:00:00","Spain","Aragn",124,835,8,58,1591,253,769,142,10,0,0
"2020-03-27 21:00:00","Spain","Asturias",50,408,65,33,1004,104,327,69,3,4,13
"2020-03-27 21:00:00","Spain","Baleares",59,283,80,26,862,107,194,46,13,4,13
"2020-03-27 21:00:00","Spain","Canarias",68,377,25,36,1025,147,330,49,7,9,5
"2020-03-27 21:00:00","Spain","Cantabria",37,406,21,22,937,127,366,51,8,1,2
"2020-03-27 21:00:00","Spain","Castilla La Mancha",289,2977,197,448,4512,579,2457,270,16,81,44
"2020-03-27 21:00:00","Spain","Castilla y Len",249,2063,585,321,4791,659,1388,272,21,69,162
"2020-03-27 21:00:00","Spain","Catalua",1324,9900,3106,1070,14263,1323,6672,1355,137,190,758
"2020-03-27 21:00:00","Spain","Ceuta",2,2,0,1,17,0,2,0,0,1,0
"2020-03-27 21:00:00","Spain","Comunidad Valenciana",282,1694,92,234,4034,502,1423,272,30,36,19
"2020-03-27 21:00:00","Spain","Extremadura",40,312,49,88,1394,164,210,35,-1,19,16
"2020-03-27 21:00:00","Spain","Galicia",112,906,95,47,2772,450,796,349,14,4,28
"2020-03-27 21:00:00","Spain","Madrid",1404,14210,6326,2756,21520,2277,6754,630,93,344,1282
"2020-03-27 21:00:00","Spain","Melilla",2,22,0,1,45,3,21,4,0,0,0
"2020-03-27 21:00:00","Spain","Murcia",58,231,12,17,802,88,204,22,5,2,0
"2020-03-27 21:00:00","Spain","Navarra",84,827,98,70,1829,188,699,95,9,12,28
"2020-03-27 21:00:00","Spain","Pas Vasco",176,2612,1022,221,5136,535,1591,342,22,14,208
"2020-03-27 21:00:00","Spain","La Rioja",43,458,364,65,1436,200,341,70,0,10,302
"2020-03-28 21:00:00","Spain","Andaluca",201,2294,148,207,4682,405,1980,188,29,32,9
"2020-03-28 21:00:00","Spain","Aragn",124,835,8,93,1858,267,769,0,0,35,0
"2020-03-28 21:00:00","Spain","Asturias",57,466,76,41,1088,84,368,58,7,8,11
"2020-03-28 21:00:00","Spain","Baleares",71,345,82,29,958,96,239,62,12,3,2
"2020-03-28 21:00:00","Spain","Canarias",78,425,30,39,1125,100,364,48,10,3,5
"2020-03-28 21:00:00","Spain","Cantabria",40,449,25,26,1023,86,406,43,3,4,4
"2020-03-28 21:00:00","Spain","Castilla La Mancha",299,3018,236,539,5246,734,2373,41,10,91,39
"2020-03-28 21:00:00","Spain","Castilla y Len",278,2408,752,380,5414,623,1502,345,29,59,167
"2020-03-28 21:00:00","Spain","Catalua",1391,10687,3455,1226,15026,763,6511,787,67,156,349
"2020-03-28 21:00:00","Spain","Ceuta",2,2,0,1,21,4,1,0,0,0,0
"2020-03-28 21:00:00","Spain","Comunidad Valenciana",309,1874,161,267,4784,750,1548,180,27,33,69
"2020-03-28 21:00:00","Spain","Extremadura",41,313,51,100,1456,62,176,1,1,12,2
"2020-03-28 21:00:00","Spain","Galicia",123,1043,153,60,3139,367,901,137,11,13,58
"2020-03-28 21:00:00","Spain","Madrid",1429,14454,7491,3082,22677,1157,5372,244,25,326,1165
"2020-03-28 21:00:00","Spain","Melilla",2,24,0,1,48,3,23,2,0,0,0
"2020-03-28 21:00:00","Spain","Murcia",58,260,16,20,872,70,231,29,0,3,4
"2020-03-28 21:00:00","Spain","Navarra",90,896,125,84,2011,182,728,69,6,14,27
"2020-03-28 21:00:00","Spain","Pas Vasco",271,3106,1503,265,5740,604,1863,494,95,44,481
"2020-03-28 21:00:00","Spain","La Rioja",43,497,397,68,1629,193,68,39,0,3,33
"2020-03-29 21:00:00","Spain","Andaluca",216,2671,155,236,5405,723,2316,377,15,29,7
"2020-03-29 21:00:00","Spain","Aragn",156,1094,174,106,2078,220,993,259,32,13,166
"2020-03-29 21:00:00","Spain","Asturias",60,479,78,49,1158,70,362,13,3,8,2
"2020-03-29 21:00:00","Spain","Baleares",80,353,100,37,1000,42,242,8,9,8,18
"2020-03-29 21:00:00","Spain","Canarias",84,444,32,40,1204,79,375,19,6,1,2
"2020-03-29 21:00:00","Spain","Cantabria",46,481,24,27,1100,77,430,32,6,1,-1
"2020-03-29 21:00:00","Spain","Castilla La Mancha",302,3134,252,622,5858,612,2359,116,3,83,16
"2020-03-29 21:00:00","Spain","Castilla y Len",307,2540,871,442,5801,387,1408,132,29,62,119
"2020-03-29 21:00:00","Spain","Catalua",1511,11769,4125,1410,16157,1131,7088,1082,120,184,670
"2020-03-29 21:00:00","Spain","Ceuta",2,2,0,1,25,4,1,0,0,0,0
"2020-03-29 21:00:00","Spain","Comunidad Valenciana",336,2041,185,310,5110,326,1613,167,27,43,24
"2020-03-29 21:00:00","Spain","Extremadura",43,353,60,106,1560,104,202,40,2,6,9
"2020-03-29 21:00:00","Spain","Galicia",134,1147,168,66,3723,584,934,104,11,6,15
"2020-03-29 21:00:00","Spain","Madrid",1460,14917,8301,3392,24090,1413,4344,463,31,310,810
"2020-03-29 21:00:00","Spain","Melilla",3,27,0,1,51,3,26,3,1,0,0
"2020-03-29 21:00:00","Spain","Murcia",58,265,17,25,939,67,229,5,0,5,1
"2020-03-29 21:00:00","Spain","Navarra",96,955,161,102,2146,135,746,59,6,18,36
"2020-03-29 21:00:00","Spain","Pas Vasco",293,3427,1646,297,6057,317,1659,321,22,32,143
"2020-03-29 21:00:00","Spain","La Rioja",43,517,431,71,1733,104,52,20,0,3,34
