"Date","Country","Region","Total ICU cases","Total Hospital cases","Total cured","Total deaths","Total confirmed cases","Total tests"
"2020-02-24T18:00:00","Italy","Abruzzo",0,0,0,0,0,5
"2020-02-24T18:00:00","Italy","Basilicata",0,0,0,0,0,0
"2020-02-24T18:00:00","Italy","P.A. Bolzano",0,0,0,0,0,1
"2020-02-24T18:00:00","Italy","Calabria",0,0,0,0,0,1
"2020-02-24T18:00:00","Italy","Campania",0,0,0,0,0,10
"2020-02-24T18:00:00","Italy","Emilia-Romagna",2,12,0,0,18,148
"2020-02-24T18:00:00","Italy","Friuli Venezia Giulia",0,0,0,0,0,58
"2020-02-24T18:00:00","Italy","Lazio",1,2,1,0,3,124
"2020-02-24T18:00:00","Italy","Liguria",0,0,0,0,0,1
"2020-02-24T18:00:00","Italy","Lombardia",19,95,0,6,172,1463
"2020-02-24T18:00:00","Italy","Marche",0,0,0,0,0,16
"2020-02-24T18:00:00","Italy","Molise",0,0,0,0,0,0
"2020-02-24T18:00:00","Italy","Piemonte",0,2,0,0,3,141
"2020-02-24T18:00:00","Italy","Puglia",0,0,0,0,0,0
"2020-02-24T18:00:00","Italy","Sardegna",0,0,0,0,0,1
"2020-02-24T18:00:00","Italy","Sicilia",0,0,0,0,0,5
"2020-02-24T18:00:00","Italy","Toscana",0,0,0,0,0,140
"2020-02-24T18:00:00","Italy","P.A. Trento",0,0,0,0,0,3
"2020-02-24T18:00:00","Italy","Umbria",0,0,0,0,0,0
"2020-02-24T18:00:00","Italy","Valle d'Aosta",0,0,0,0,0,7
"2020-02-24T18:00:00","Italy","Veneto",4,16,0,1,33,2200
"2020-02-25T18:00:00","Italy","Abruzzo",0,0,0,0,0,5
"2020-02-25T18:00:00","Italy","Basilicata",0,0,0,0,0,0
"2020-02-25T18:00:00","Italy","P.A. Bolzano",0,1,0,0,1,1
"2020-02-25T18:00:00","Italy","Calabria",0,0,0,0,0,2
"2020-02-25T18:00:00","Italy","Campania",0,0,0,0,0,10
"2020-02-25T18:00:00","Italy","Emilia-Romagna",2,17,0,0,26,391
"2020-02-25T18:00:00","Italy","Friuli Venezia Giulia",0,0,0,0,0,89
"2020-02-25T18:00:00","Italy","Lazio",1,2,1,0,3,124
"2020-02-25T18:00:00","Italy","Liguria",0,1,0,0,1,39
"2020-02-25T18:00:00","Italy","Lombardia",25,104,0,9,240,3700
"2020-02-25T18:00:00","Italy","Marche",0,0,0,0,0,21
"2020-02-25T18:00:00","Italy","Molise",0,0,0,0,0,0
"2020-02-25T18:00:00","Italy","Piemonte",0,2,0,0,3,141
"2020-02-25T18:00:00","Italy","Puglia",0,0,0,0,0,0
"2020-02-25T18:00:00","Italy","Sardegna",0,0,0,0,0,1
"2020-02-25T18:00:00","Italy","Sicilia",0,1,0,0,3,5
"2020-02-25T18:00:00","Italy","Toscana",0,2,0,0,2,296
"2020-02-25T18:00:00","Italy","P.A. Trento",0,0,0,0,0,3
"2020-02-25T18:00:00","Italy","Umbria",0,0,0,0,0,8
"2020-02-25T18:00:00","Italy","Valle d'Aosta",0,0,0,0,0,7
"2020-02-25T18:00:00","Italy","Veneto",7,19,0,1,43,3780
"2020-02-26T18:00:00","Italy","Abruzzo",0,0,0,0,0,13
"2020-02-26T18:00:00","Italy","Basilicata",0,0,0,0,0,0
"2020-02-26T18:00:00","Italy","P.A. Bolzano",0,1,0,0,1,1
"2020-02-26T18:00:00","Italy","Calabria",0,0,0,0,0,3
"2020-02-26T18:00:00","Italy","Campania",0,0,0,0,0,10
"2020-02-26T18:00:00","Italy","Emilia-Romagna",3,23,0,1,47,577
"2020-02-26T18:00:00","Italy","Friuli Venezia Giulia",0,0,0,0,0,114
"2020-02-26T18:00:00","Italy","Lazio",0,0,3,0,3,124
"2020-02-26T18:00:00","Italy","Liguria",0,6,0,0,11,66
"2020-02-26T18:00:00","Italy","Lombardia",25,104,0,9,258,3208
"2020-02-26T18:00:00","Italy","Marche",0,1,0,0,1,28
"2020-02-26T18:00:00","Italy","Molise",0,0,0,0,0,0
"2020-02-26T18:00:00","Italy","Piemonte",0,2,0,0,3,156
"2020-02-26T18:00:00","Italy","Puglia",0,0,0,0,0,0
"2020-02-26T18:00:00","Italy","Sardegna",0,0,0,0,0,1
"2020-02-26T18:00:00","Italy","Sicilia",0,1,0,0,3,5
"2020-02-26T18:00:00","Italy","Toscana",0,2,0,0,2,363
"2020-02-26T18:00:00","Italy","P.A. Trento",0,0,0,0,0,3
"2020-02-26T18:00:00","Italy","Umbria",0,0,0,0,0,8
"2020-02-26T18:00:00","Italy","Valle d'Aosta",0,0,0,0,0,7
"2020-02-26T18:00:00","Italy","Veneto",8,24,0,2,71,4900
"2020-02-27T18:00:00","Italy","Abruzzo",0,1,0,0,1,33
"2020-02-27T18:00:00","Italy","Basilicata",0,0,0,0,0,0
"2020-02-27T18:00:00","Italy","P.A. Bolzano",0,1,0,0,1,2
"2020-02-27T18:00:00","Italy","Calabria",0,0,0,0,0,14
"2020-02-27T18:00:00","Italy","Campania",0,2,0,0,3,10
"2020-02-27T18:00:00","Italy","Emilia-Romagna",6,42,0,1,97,1033
"2020-02-27T18:00:00","Italy","Friuli Venezia Giulia",0,0,0,0,0,141
"2020-02-27T18:00:00","Italy","Lazio",0,0,3,0,3,552
"2020-02-27T18:00:00","Italy","Liguria",0,9,0,0,19,78
"2020-02-27T18:00:00","Italy","Lombardia",41,213,40,14,403,3320
"2020-02-27T18:00:00","Italy","Marche",1,3,0,0,3,46
"2020-02-27T18:00:00","Italy","Molise",0,0,0,0,0,0
"2020-02-27T18:00:00","Italy","Piemonte",0,2,0,0,2,156
"2020-02-27T18:00:00","Italy","Puglia",0,1,0,0,1,0
"2020-02-27T18:00:00","Italy","Sardegna",0,0,0,0,0,1
"2020-02-27T18:00:00","Italy","Sicilia",0,1,2,0,4,5
"2020-02-27T18:00:00","Italy","Toscana",0,2,0,0,2,410
"2020-02-27T18:00:00","Italy","P.A. Trento",0,0,0,0,0,32
"2020-02-27T18:00:00","Italy","Umbria",0,0,0,0,0,8
"2020-02-27T18:00:00","Italy","Valle d'Aosta",0,0,0,0,0,9
"2020-02-27T18:00:00","Italy","Veneto",8,27,0,2,111,6164
"2020-02-28T18:00:00","Italy","Abruzzo",0,1,0,0,1,33
"2020-02-28T18:00:00","Italy","Basilicata",0,0,0,0,0,0
"2020-02-28T18:00:00","Italy","P.A. Bolzano",0,1,0,0,1,2
"2020-02-28T18:00:00","Italy","Calabria",0,0,0,0,1,21
"2020-02-28T18:00:00","Italy","Campania",0,2,0,0,4,213
"2020-02-28T18:00:00","Italy","Emilia-Romagna",6,62,0,2,145,1277
"2020-02-28T18:00:00","Italy","Friuli Venezia Giulia",0,0,0,0,0,169
"2020-02-28T18:00:00","Italy","Lazio",0,0,3,0,3,611
"2020-02-28T18:00:00","Italy","Liguria",0,9,0,0,19,112
"2020-02-28T18:00:00","Italy","Lombardia",47,282,40,17,531,4835
"2020-02-28T18:00:00","Italy","Marche",2,5,0,0,6,47
"2020-02-28T18:00:00","Italy","Molise",0,0,0,0,0,0
"2020-02-28T18:00:00","Italy","Piemonte",0,7,0,0,11,227
"2020-02-28T18:00:00","Italy","Puglia",0,1,0,0,3,242
"2020-02-28T18:00:00","Italy","Sardegna",0,0,0,0,0,1
"2020-02-28T18:00:00","Italy","Sicilia",0,1,2,0,4,5
"2020-02-28T18:00:00","Italy","Toscana",0,5,1,0,8,437
"2020-02-28T18:00:00","Italy","P.A. Trento",0,0,0,0,0,32
"2020-02-28T18:00:00","Italy","Umbria",0,0,0,0,0,8
"2020-02-28T18:00:00","Italy","Valle d'Aosta",0,0,0,0,0,9
"2020-02-28T18:00:00","Italy","Veneto",9,33,0,2,151,7414
"2020-02-29T17:00:00","Italy","Abruzzo",0,2,0,0,2,43
"2020-02-29T17:00:00","Italy","Basilicata",0,0,0,0,0,32
"2020-02-29T17:00:00","Italy","P.A. Bolzano",0,1,0,0,1,16
"2020-02-29T17:00:00","Italy","Calabria",0,0,0,0,1,27
"2020-02-29T17:00:00","Italy","Campania",0,3,0,0,13,373
"2020-02-29T17:00:00","Italy","Emilia-Romagna",11,97,0,4,217,1550
"2020-02-29T17:00:00","Italy","Friuli Venezia Giulia",0,0,0,0,0,189
"2020-02-29T17:00:00","Italy","Lazio",0,3,3,0,6,679
"2020-02-29T17:00:00","Italy","Liguria",1,5,4,0,42,121
"2020-02-29T17:00:00","Italy","Lombardia",80,336,40,23,615,5723
"2020-02-29T17:00:00","Italy","Marche",2,8,0,0,11,68
"2020-02-29T17:00:00","Italy","Molise",0,0,0,0,0,0
"2020-02-29T17:00:00","Italy","Piemonte",0,7,0,0,11,308
"2020-02-29T17:00:00","Italy","Puglia",0,1,0,0,3,252
"2020-02-29T17:00:00","Italy","Sardegna",0,0,0,0,0,1
"2020-02-29T17:00:00","Italy","Sicilia",0,1,2,0,4,6
"2020-02-29T17:00:00","Italy","Toscana",0,7,1,0,11,531
"2020-02-29T17:00:00","Italy","P.A. Trento",0,0,0,0,0,43
"2020-02-29T17:00:00","Italy","Umbria",0,0,0,0,0,31
"2020-02-29T17:00:00","Italy","Valle d'Aosta",0,0,0,0,0,9
"2020-02-29T17:00:00","Italy","Veneto",11,35,0,2,191,8659
"2020-03-01T17:00:00","Italy","Abruzzo",0,3,0,0,5,52
"2020-03-01T17:00:00","Italy","Basilicata",0,0,0,0,0,39
"2020-03-01T17:00:00","Italy","P.A. Bolzano",0,1,0,0,1,20
"2020-03-01T17:00:00","Italy","Calabria",0,0,0,0,1,35
"2020-03-01T17:00:00","Italy","Campania",0,4,0,0,17,373
"2020-03-01T17:00:00","Italy","Emilia-Romagna",13,140,0,8,285,1795
"2020-03-01T17:00:00","Italy","Friuli Venezia Giulia",0,0,0,0,6,243
"2020-03-01T17:00:00","Italy","Lazio",0,3,3,0,6,724
"2020-03-01T17:00:00","Italy","Liguria",1,13,4,0,25,121
"2020-03-01T17:00:00","Italy","Lombardia",106,512,73,24,984,6879
"2020-03-01T17:00:00","Italy","Marche",5,17,0,0,25,101
"2020-03-01T17:00:00","Italy","Molise",0,0,0,0,0,6
"2020-03-01T17:00:00","Italy","Piemonte",2,13,0,0,49,362
"2020-03-01T17:00:00","Italy","Puglia",0,1,0,0,3,262
"2020-03-01T17:00:00","Italy","Sardegna",0,0,0,0,0,29
"2020-03-01T17:00:00","Italy","Sicilia",0,1,2,0,9,291
"2020-03-01T17:00:00","Italy","Toscana",0,7,1,0,13,572
"2020-03-01T17:00:00","Italy","P.A. Trento",0,0,0,0,0,122
"2020-03-01T17:00:00","Italy","Umbria",0,0,0,0,2,35
"2020-03-01T17:00:00","Italy","Valle d'Aosta",0,0,0,0,0,10
"2020-03-01T17:00:00","Italy","Veneto",13,64,0,2,263,9056
"2020-03-02T18:00:00","Italy","Abruzzo",0,3,0,0,5,52
"2020-03-02T18:00:00","Italy","Basilicata",0,0,0,0,0,39
"2020-03-02T18:00:00","Italy","P.A. Bolzano",0,1,0,0,1,20
"2020-03-02T18:00:00","Italy","Calabria",0,0,0,0,1,39
"2020-03-02T18:00:00","Italy","Campania",0,4,0,0,17,373
"2020-03-02T18:00:00","Italy","Emilia-Romagna",16,164,0,11,335,1973
"2020-03-02T18:00:00","Italy","Friuli Venezia Giulia",0,0,0,0,9,269
"2020-03-02T18:00:00","Italy","Lazio",0,3,3,0,7,773
"2020-03-02T18:00:00","Italy","Liguria",1,13,4,0,22,121
"2020-03-02T18:00:00","Italy","Lombardia",127,605,139,38,1254,7925
"2020-03-02T18:00:00","Italy","Marche",6,23,0,1,35,137
"2020-03-02T18:00:00","Italy","Molise",0,0,0,0,0,13
"2020-03-02T18:00:00","Italy","Piemonte",2,14,0,0,51,434
"2020-03-02T18:00:00","Italy","Puglia",0,2,0,0,4,278
"2020-03-02T18:00:00","Italy","Sardegna",0,0,0,0,0,29
"2020-03-02T18:00:00","Italy","Sicilia",0,2,2,0,7,307
"2020-03-02T18:00:00","Italy","Toscana",0,7,1,0,13,613
"2020-03-02T18:00:00","Italy","P.A. Trento",0,0,0,0,0,122
"2020-03-02T18:00:00","Italy","Umbria",0,0,0,0,2,35
"2020-03-02T18:00:00","Italy","Valle d'Aosta",0,0,0,0,0,11
"2020-03-02T18:00:00","Italy","Veneto",14,67,0,2,273,9782
"2020-03-03T18:00:00","Italy","Abruzzo",0,5,0,0,6,52
"2020-03-03T18:00:00","Italy","Basilicata",0,0,0,0,1,42
"2020-03-03T18:00:00","Italy","P.A. Bolzano",0,1,0,0,1,20
"2020-03-03T18:00:00","Italy","Calabria",0,0,0,0,1,39
"2020-03-03T18:00:00","Italy","Campania",0,11,0,0,30,405
"2020-03-03T18:00:00","Italy","Emilia-Romagna",24,211,4,18,420,2012
"2020-03-03T18:00:00","Italy","Friuli Venezia Giulia",0,1,0,0,13,354
"2020-03-03T18:00:00","Italy","Lazio",0,10,3,0,14,877
"2020-03-03T18:00:00","Italy","Liguria",2,14,4,1,24,121
"2020-03-03T18:00:00","Italy","Lombardia",167,865,139,55,1520,9577
"2020-03-03T18:00:00","Italy","Marche",13,40,0,2,61,200
"2020-03-03T18:00:00","Italy","Molise",0,3,0,0,3,13
"2020-03-03T18:00:00","Italy","Piemonte",3,16,0,0,56,458
"2020-03-03T18:00:00","Italy","Puglia",0,2,0,0,6,298
"2020-03-03T18:00:00","Italy","Sardegna",0,1,0,0,1,29
"2020-03-03T18:00:00","Italy","Sicilia",0,2,2,0,7,307
"2020-03-03T18:00:00","Italy","Toscana",0,10,1,0,19,697
"2020-03-03T18:00:00","Italy","P.A. Trento",0,1,0,0,4,122
"2020-03-03T18:00:00","Italy","Umbria",1,2,0,0,8,45
"2020-03-03T18:00:00","Italy","Valle d'Aosta",0,0,0,0,0,12
"2020-03-03T18:00:00","Italy","Veneto",19,68,7,3,307,10176
"2020-03-04T17:00:00","Italy","Abruzzo",0,7,0,0,7,85
"2020-03-04T17:00:00","Italy","Basilicata",0,0,0,0,1,48
"2020-03-04T17:00:00","Italy","P.A. Bolzano",0,1,0,0,1,20
"2020-03-04T17:00:00","Italy","Calabria",0,0,0,0,1,46
"2020-03-04T17:00:00","Italy","Campania",0,11,0,0,31,429
"2020-03-04T17:00:00","Italy","Emilia-Romagna",26,282,6,22,544,2500
"2020-03-04T17:00:00","Italy","Friuli Venezia Giulia",0,3,0,0,18,376
"2020-03-04T17:00:00","Italy","Lazio",3,18,3,0,30,995
"2020-03-04T17:00:00","Italy","Liguria",3,13,4,1,26,133
"2020-03-04T17:00:00","Italy","Lombardia",209,1086,250,73,1820,12138
"2020-03-04T17:00:00","Italy","Marche",15,49,0,4,84,288
"2020-03-04T17:00:00","Italy","Molise",0,3,0,0,3,19
"2020-03-04T17:00:00","Italy","Piemonte",13,39,0,0,82,543
"2020-03-04T17:00:00","Italy","Puglia",0,4,1,1,9,322
"2020-03-04T17:00:00","Italy","Sardegna",0,1,0,0,2,42
"2020-03-04T17:00:00","Italy","Sicilia",0,5,2,0,18,367
"2020-03-04T17:00:00","Italy","Toscana",2,17,1,0,38,776
"2020-03-04T17:00:00","Italy","P.A. Trento",0,1,0,0,5,122
"2020-03-04T17:00:00","Italy","Umbria",1,2,0,0,9,58
"2020-03-04T17:00:00","Italy","Valle d'Aosta",0,0,0,0,0,15
"2020-03-04T17:00:00","Italy","Veneto",23,99,9,6,360,10515
"2020-03-05T17:00:00","Italy","Abruzzo",0,8,0,0,8,96
"2020-03-05T17:00:00","Italy","Basilicata",0,0,0,0,1,54
"2020-03-05T17:00:00","Italy","P.A. Bolzano",0,1,0,0,1,20
"2020-03-05T17:00:00","Italy","Calabria",0,1,0,0,2,53
"2020-03-05T17:00:00","Italy","Campania",0,12,0,0,45,471
"2020-03-05T17:00:00","Italy","Emilia-Romagna",32,359,10,30,698,2884
"2020-03-05T17:00:00","Italy","Friuli Venezia Giulia",0,4,0,0,21,397
"2020-03-05T17:00:00","Italy","Lazio",7,27,3,0,44,1175
"2020-03-05T17:00:00","Italy","Liguria",3,14,4,3,28,146
"2020-03-05T17:00:00","Italy","Lombardia",244,1413,376,98,2251,12354
"2020-03-05T17:00:00","Italy","Marche",19,76,0,4,124,413
"2020-03-05T17:00:00","Italy","Molise",0,4,0,0,7,24
"2020-03-05T17:00:00","Italy","Piemonte",17,60,0,2,108,543
"2020-03-05T17:00:00","Italy","Puglia",1,6,1,1,14,359
"2020-03-05T17:00:00","Italy","Sardegna",0,2,0,0,2,50
"2020-03-05T17:00:00","Italy","Sicilia",0,5,2,0,18,367
"2020-03-05T17:00:00","Italy","Toscana",3,29,1,0,61,776
"2020-03-05T17:00:00","Italy","P.A. Trento",0,2,0,0,7,122
"2020-03-05T17:00:00","Italy","Umbria",1,2,0,0,9,88
"2020-03-05T17:00:00","Italy","Valle d'Aosta",0,0,0,0,2,21
"2020-03-05T17:00:00","Italy","Veneto",24,116,17,10,407,11949
"2020-03-06T17:00:00","Italy","Abruzzo",0,9,0,0,9,96
"2020-03-06T17:00:00","Italy","Basilicata",0,1,0,0,3,63
"2020-03-06T17:00:00","Italy","P.A. Bolzano",0,4,0,0,4,36
"2020-03-06T17:00:00","Italy","Calabria",0,2,0,0,4,99
"2020-03-06T17:00:00","Italy","Campania",0,12,0,0,57,471
"2020-03-06T17:00:00","Italy","Emilia-Romagna",53,450,17,37,870,3136
"2020-03-06T17:00:00","Italy","Friuli Venezia Giulia",0,4,3,0,31,577
"2020-03-06T17:00:00","Italy","Lazio",8,34,3,1,54,1373
"2020-03-06T17:00:00","Italy","Liguria",5,17,5,3,32,229
"2020-03-06T17:00:00","Italy","Lombardia",309,1931,469,135,2612,13556
"2020-03-06T17:00:00","Italy","Marche",20,93,0,4,159,585
"2020-03-06T17:00:00","Italy","Molise",2,5,0,0,12,104
"2020-03-06T17:00:00","Italy","Piemonte",30,87,0,4,143,793
"2020-03-06T17:00:00","Italy","Puglia",1,6,1,1,17,395
"2020-03-06T17:00:00","Italy","Sardegna",0,2,0,0,5,99
"2020-03-06T17:00:00","Italy","Sicilia",0,7,2,0,24,367
"2020-03-06T17:00:00","Italy","Toscana",5,40,1,0,79,1097
"2020-03-06T17:00:00","Italy","P.A. Trento",0,4,0,0,10,122
"2020-03-06T17:00:00","Italy","Umbria",2,4,0,0,16,110
"2020-03-06T17:00:00","Italy","Valle d'Aosta",0,0,0,0,7,28
"2020-03-06T17:00:00","Italy","Veneto",27,144,22,12,488,13023
"2020-03-07T18:00:00","Italy","Abruzzo",0,11,0,0,11,123
"2020-03-07T18:00:00","Italy","Basilicata",0,1,0,0,3,75
"2020-03-07T18:00:00","Italy","P.A. Bolzano",0,8,0,0,9,36
"2020-03-07T18:00:00","Italy","Calabria",0,2,0,0,4,113
"2020-03-07T18:00:00","Italy","Campania",0,16,0,0,61,612
"2020-03-07T18:00:00","Italy","Emilia-Romagna",64,528,25,48,1010,3604
"2020-03-07T18:00:00","Italy","Friuli Venezia Giulia",1,8,3,0,42,577
"2020-03-07T18:00:00","Italy","Lazio",8,51,3,1,76,1582
"2020-03-07T18:00:00","Italy","Liguria",6,32,5,4,51,331
"2020-03-07T18:00:00","Italy","Lombardia",359,2020,524,154,3420,15778
"2020-03-07T18:00:00","Italy","Marche",36,130,0,6,207,816
"2020-03-07T18:00:00","Italy","Molise",2,5,0,0,14,112
"2020-03-07T18:00:00","Italy","Piemonte",38,148,0,5,207,1046
"2020-03-07T18:00:00","Italy","Puglia",2,11,1,2,26,395
"2020-03-07T18:00:00","Italy","Sardegna",0,2,0,0,5,99
"2020-03-07T18:00:00","Italy","Sicilia",0,8,2,0,35,643
"2020-03-07T18:00:00","Italy","Toscana",7,61,1,0,113,1331
"2020-03-07T18:00:00","Italy","P.A. Trento",1,7,0,0,14,194
"2020-03-07T18:00:00","Italy","Umbria",2,4,0,0,24,134
"2020-03-07T18:00:00","Italy","Valle d'Aosta",0,1,0,0,8,32
"2020-03-07T18:00:00","Italy","Veneto",41,164,25,13,543,14429
"2020-03-08T18:00:00","Italy","Abruzzo",0,14,0,0,17,163
"2020-03-08T18:00:00","Italy","Basilicata",0,2,0,0,4,123
"2020-03-08T18:00:00","Italy","P.A. Bolzano",0,8,0,0,9,36
"2020-03-08T18:00:00","Italy","Calabria",0,5,0,0,9,113
"2020-03-08T18:00:00","Italy","Campania",7,37,1,0,101,980
"2020-03-08T18:00:00","Italy","Emilia-Romagna",75,617,27,56,1180,4344
"2020-03-08T18:00:00","Italy","Friuli Venezia Giulia",1,8,3,1,57,997
"2020-03-08T18:00:00","Italy","Lazio",8,55,3,3,87,1929
"2020-03-08T18:00:00","Italy","Liguria",11,50,5,6,78,401
"2020-03-08T18:00:00","Italy","Lombardia",399,2616,550,267,4189,18534
"2020-03-08T18:00:00","Italy","Marche",41,151,0,7,272,1025
"2020-03-08T18:00:00","Italy","Molise",2,6,0,0,14,116
"2020-03-08T18:00:00","Italy","Piemonte",45,290,0,5,360,1636
"2020-03-08T18:00:00","Italy","Puglia",3,20,1,3,40,627
"2020-03-08T18:00:00","Italy","Sardegna",0,5,0,0,11,149
"2020-03-08T18:00:00","Italy","Sicilia",0,18,2,0,53,791
"2020-03-08T18:00:00","Italy","Toscana",7,98,1,0,166,1618
"2020-03-08T18:00:00","Italy","P.A. Trento",2,9,0,0,23,228
"2020-03-08T18:00:00","Italy","Umbria",2,4,0,0,26,168
"2020-03-08T18:00:00","Italy","Valle d'Aosta",0,1,0,0,9,41
"2020-03-08T18:00:00","Italy","Veneto",47,193,29,18,670,15918
"2020-03-09T18:00:00","Italy","Abruzzo",0,25,0,0,30,237
"2020-03-09T18:00:00","Italy","Basilicata",0,2,0,0,5,135
"2020-03-09T18:00:00","Italy","P.A. Bolzano",0,8,0,0,9,36
"2020-03-09T18:00:00","Italy","Calabria",0,8,2,0,11,173
"2020-03-09T18:00:00","Italy","Campania",8,50,1,0,120,980
"2020-03-09T18:00:00","Italy","Emilia-Romagna",90,666,30,70,1386,4906
"2020-03-09T18:00:00","Italy","Friuli Venezia Giulia",1,19,3,1,93,1344
"2020-03-09T18:00:00","Italy","Lazio",8,63,3,5,102,1929
"2020-03-09T18:00:00","Italy","Liguria",17,77,5,7,109,611
"2020-03-09T18:00:00","Italy","Lombardia",440,3242,646,333,5469,20135
"2020-03-09T18:00:00","Italy","Marche",47,183,0,10,323,1250
"2020-03-09T18:00:00","Italy","Molise",2,6,0,0,14,212
"2020-03-09T18:00:00","Italy","Piemonte",50,272,0,13,350,1681
"2020-03-09T18:00:00","Italy","Puglia",6,26,1,3,50,685
"2020-03-09T18:00:00","Italy","Sardegna",0,8,0,0,19,185
"2020-03-09T18:00:00","Italy","Sicilia",0,19,2,0,54,836
"2020-03-09T18:00:00","Italy","Toscana",9,116,1,1,208,2018
"2020-03-09T18:00:00","Italy","P.A. Trento",2,12,0,0,33,267
"2020-03-09T18:00:00","Italy","Umbria",2,6,0,0,28,183
"2020-03-09T18:00:00","Italy","Valle d'Aosta",0,4,0,0,15,67
"2020-03-09T18:00:00","Italy","Veneto",51,237,30,20,744,15956
"2020-03-10T18:00:00","Italy","Abruzzo",9,26,0,1,38,310
"2020-03-10T18:00:00","Italy","Basilicata",0,2,0,0,7,148
"2020-03-10T18:00:00","Italy","P.A. Bolzano",1,18,0,0,38,36
"2020-03-10T18:00:00","Italy","Calabria",2,10,2,0,13,360
"2020-03-10T18:00:00","Italy","Campania",8,41,1,0,127,1141
"2020-03-10T18:00:00","Italy","Emilia-Romagna",98,767,31,85,1533,5494
"2020-03-10T18:00:00","Italy","Friuli Venezia Giulia",6,33,3,3,116,1602
"2020-03-10T18:00:00","Italy","Lazio",15,65,11,6,116,3591
"2020-03-10T18:00:00","Italy","Liguria",29,86,5,8,141,694
"2020-03-10T18:00:00","Italy","Lombardia",466,3785,896,468,5791,21479
"2020-03-10T18:00:00","Italy","Marche",54,206,0,13,394,1437
"2020-03-10T18:00:00","Italy","Molise",3,6,0,0,15,225
"2020-03-10T18:00:00","Italy","Piemonte",66,372,0,17,453,2374
"2020-03-10T18:00:00","Italy","Puglia",6,34,1,3,59,747
"2020-03-10T18:00:00","Italy","Sardegna",0,9,0,0,20,204
"2020-03-10T18:00:00","Italy","Sicilia",2,19,2,0,62,955
"2020-03-10T18:00:00","Italy","Toscana",40,131,3,1,264,2573
"2020-03-10T18:00:00","Italy","P.A. Trento",3,22,2,0,52,399
"2020-03-10T18:00:00","Italy","Umbria",2,10,0,0,37,260
"2020-03-10T18:00:00","Italy","Valle d'Aosta",0,2,0,0,17,89
"2020-03-10T18:00:00","Italy","Veneto",67,271,47,26,856,16643
"2020-03-11T17:00:00","Italy","Abruzzo",9,26,0,1,38,310
"2020-03-11T17:00:00","Italy","Basilicata",1,2,0,0,8,155
"2020-03-11T17:00:00","Italy","P.A. Bolzano",4,12,0,0,75,75
"2020-03-11T17:00:00","Italy","Calabria",2,12,2,0,19,405
"2020-03-11T17:00:00","Italy","Campania",11,67,4,1,154,1375
"2020-03-11T17:00:00","Italy","Emilia-Romagna",104,849,38,113,1739,6640
"2020-03-11T17:00:00","Italy","Friuli Venezia Giulia",5,21,10,6,126,2073
"2020-03-11T17:00:00","Italy","Lazio",18,85,19,6,150,3591
"2020-03-11T17:00:00","Italy","Liguria",34,108,5,8,194,1025
"2020-03-11T17:00:00","Italy","Lombardia",560,4412,900,617,7280,25629
"2020-03-11T17:00:00","Italy","Marche",66,278,0,18,479,1656
"2020-03-11T17:00:00","Italy","Molise",3,7,0,0,16,233
"2020-03-11T17:00:00","Italy","Piemonte",75,394,0,21,501,2431
"2020-03-11T17:00:00","Italy","Puglia",4,42,1,5,77,909
"2020-03-11T17:00:00","Italy","Sardegna",0,10,0,0,37,283
"2020-03-11T17:00:00","Italy","Sicilia",1,24,2,0,83,1194
"2020-03-11T17:00:00","Italy","Toscana",54,141,5,1,320,2804
"2020-03-11T17:00:00","Italy","P.A. Trento",4,32,3,0,77,527
"2020-03-11T17:00:00","Italy","Umbria",5,12,2,0,46,340
"2020-03-11T17:00:00","Italy","Valle d'Aosta",0,2,0,1,20,99
"2020-03-11T17:00:00","Italy","Veneto",68,330,54,29,1023,21400
"2020-03-12T17:00:00","Italy","Abruzzo",12,59,4,2,84,867
"2020-03-12T17:00:00","Italy","Basilicata",1,2,0,0,8,155
"2020-03-12T17:00:00","Italy","P.A. Bolzano",4,25,0,1,104,607
"2020-03-12T17:00:00","Italy","Calabria",2,16,1,0,33,483
"2020-03-12T17:00:00","Italy","Campania",11,67,4,1,179,1551
"2020-03-12T17:00:00","Italy","Emilia-Romagna",112,926,43,146,1947,7600
"2020-03-12T17:00:00","Italy","Friuli Venezia Giulia",10,33,11,8,167,2604
"2020-03-12T17:00:00","Italy","Lazio",20,105,19,9,200,5592
"2020-03-12T17:00:00","Italy","Liguria",36,136,20,11,274,1174
"2020-03-12T17:00:00","Italy","Lombardia",605,4852,1085,744,8725,29534
"2020-03-12T17:00:00","Italy","Marche",76,330,0,22,592,1907
"2020-03-12T17:00:00","Italy","Molise",3,7,0,0,16,238
"2020-03-12T17:00:00","Italy","Piemonte",97,465,0,26,580,2879
"2020-03-12T17:00:00","Italy","Puglia",2,60,1,5,104,1269
"2020-03-12T17:00:00","Italy","Sardegna",0,12,0,0,39,302
"2020-03-12T17:00:00","Italy","Sicilia",5,33,2,2,115,1477
"2020-03-12T17:00:00","Italy","Toscana",59,159,7,5,364,3165
"2020-03-12T17:00:00","Italy","P.A. Trento",5,48,4,1,107,593
"2020-03-12T17:00:00","Italy","Umbria",8,16,2,0,64,458
"2020-03-12T17:00:00","Italy","Valle d'Aosta",0,7,0,1,27,118
"2020-03-12T17:00:00","Italy","Veneto",85,445,55,32,1384,23438
"2020-03-13T17:00:00","Italy","Abruzzo",14,56,4,2,89,958
"2020-03-13T17:00:00","Italy","Basilicata",1,2,0,0,10,155
"2020-03-13T17:00:00","Italy","P.A. Bolzano",5,25,0,2,125,811
"2020-03-13T17:00:00","Italy","Calabria",3,21,1,0,38,504
"2020-03-13T17:00:00","Italy","Campania",19,79,5,2,220,1671
"2020-03-13T17:00:00","Italy","Emilia-Romagna",128,1070,51,201,2263,8787
"2020-03-13T17:00:00","Italy","Friuli Venezia Giulia",8,67,11,10,257,3149
"2020-03-13T17:00:00","Italy","Lazio",24,146,24,11,277,6491
"2020-03-13T17:00:00","Italy","Liguria",44,172,24,17,345,1442
"2020-03-13T17:00:00","Italy","Lombardia",650,5085,1198,890,9820,32700
"2020-03-13T17:00:00","Italy","Marche",85,422,0,27,725,2218
"2020-03-13T17:00:00","Italy","Molise",3,8,0,0,17,243
"2020-03-13T17:00:00","Italy","Piemonte",135,691,0,46,840,3105
"2020-03-13T17:00:00","Italy","Puglia",2,79,3,5,129,1449
"2020-03-13T17:00:00","Italy","Sardegna",0,12,0,0,43,504
"2020-03-13T17:00:00","Italy","Sicilia",7,44,2,2,130,1950
"2020-03-13T17:00:00","Italy","Toscana",77,211,10,5,470,4049
"2020-03-13T17:00:00","Italy","P.A. Trento",6,64,4,2,163,846
"2020-03-13T17:00:00","Italy","Umbria",10,21,2,1,76,576
"2020-03-13T17:00:00","Italy","Valle d'Aosta",0,6,0,1,28,189
"2020-03-13T17:00:00","Italy","Veneto",107,473,100,42,1595,25691
"2020-03-14T17:00:00","Italy","Abruzzo",14,65,4,2,112,1232
"2020-03-14T17:00:00","Italy","Basilicata",2,2,0,0,10,155
"2020-03-14T17:00:00","Italy","P.A. Bolzano",7,33,0,3,173,1135
"2020-03-14T17:00:00","Italy","Calabria",4,26,1,0,60,711
"2020-03-14T17:00:00","Italy","Campania",17,89,23,6,272,1936
"2020-03-14T17:00:00","Italy","Emilia-Romagna",152,1228,54,241,2644,10043
"2020-03-14T17:00:00","Italy","Friuli Venezia Giulia",11,78,17,13,301,3376
"2020-03-14T17:00:00","Italy","Lazio",25,206,24,13,357,7335
"2020-03-14T17:00:00","Italy","Liguria",62,275,52,27,463,1750
"2020-03-14T17:00:00","Italy","Lombardia",732,5630,1660,966,11685,37138
"2020-03-14T17:00:00","Italy","Marche",93,542,0,36,899,2561
"2020-03-14T17:00:00","Italy","Molise",3,8,0,0,17,247
"2020-03-14T17:00:00","Italy","Piemonte",150,688,0,59,873,3680
"2020-03-14T17:00:00","Italy","Puglia",6,97,2,8,166,1681
"2020-03-14T17:00:00","Italy","Sardegna",0,14,0,0,47,530
"2020-03-14T17:00:00","Italy","Sicilia",11,53,4,2,156,2100
"2020-03-14T17:00:00","Italy","Toscana",87,247,10,6,630,4595
"2020-03-14T17:00:00","Italy","P.A. Trento",12,80,5,2,206,1006
"2020-03-14T17:00:00","Italy","Umbria",11,32,3,1,107,748
"2020-03-14T17:00:00","Italy","Valle d'Aosta",0,12,0,1,42,231
"2020-03-14T17:00:00","Italy","Veneto",119,485,107,55,1937,26980
"2020-03-15T17:00:00","Italy","Abruzzo",28,100,6,3,137,1419
"2020-03-15T17:00:00","Italy","Basilicata",2,2,0,0,11,208
"2020-03-15T17:00:00","Italy","P.A. Bolzano",4,54,0,5,204,1497
"2020-03-15T17:00:00","Italy","Calabria",6,38,1,1,68,884
"2020-03-15T17:00:00","Italy","Campania",22,95,28,9,333,2213
"2020-03-15T17:00:00","Italy","Emilia-Romagna",169,1384,68,284,3093,12054
"2020-03-15T17:00:00","Italy","Friuli Venezia Giulia",12,110,17,14,347,3407
"2020-03-15T17:00:00","Italy","Lazio",31,254,24,16,436,8345
"2020-03-15T17:00:00","Italy","Liguria",66,319,33,33,559,1973
"2020-03-15T17:00:00","Italy","Lombardia",767,6267,2011,1218,13272,40369
"2020-03-15T17:00:00","Italy","Marche",98,619,0,46,1133,2946
"2020-03-15T17:00:00","Italy","Molise",4,7,0,0,17,248
"2020-03-15T17:00:00","Italy","Piemonte",171,897,0,81,1111,4375
"2020-03-15T17:00:00","Italy","Puglia",6,122,2,16,230,2017
"2020-03-15T17:00:00","Italy","Sardegna",0,16,0,2,77,613
"2020-03-15T17:00:00","Italy","Sicilia",15,71,7,2,188,2452
"2020-03-15T17:00:00","Italy","Toscana",107,282,10,8,781,5132
"2020-03-15T17:00:00","Italy","P.A. Trento",19,92,5,6,378,1006
"2020-03-15T17:00:00","Italy","Umbria",13,38,3,1,143,965
"2020-03-15T17:00:00","Italy","Valle d'Aosta",3,13,0,1,57,230
"2020-03-15T17:00:00","Italy","Veneto",129,555,120,63,2172,32546
"2020-03-16T17:00:00","Italy","Abruzzo",37,108,7,4,176,1533
"2020-03-16T17:00:00","Italy","Basilicata",2,3,0,0,12,230
"2020-03-16T17:00:00","Italy","P.A. Bolzano",11,64,0,6,241,1740
"2020-03-16T17:00:00","Italy","Calabria",7,43,1,1,89,1030
"2020-03-16T17:00:00","Italy","Campania",22,125,28,9,400,2517
"2020-03-16T17:00:00","Italy","Emilia-Romagna",197,1559,88,346,3522,13096
"2020-03-16T17:00:00","Italy","Friuli Venezia Giulia",19,115,18,22,386,4851
"2020-03-16T17:00:00","Italy","Lazio",31,298,32,19,523,9330
"2020-03-16T17:00:00","Italy","Liguria",73,328,42,50,667,2189
"2020-03-16T17:00:00","Italy","Lombardia",823,6994,2368,1420,14649,43565
"2020-03-16T17:00:00","Italy","Marche",110,638,0,57,1242,3225
"2020-03-16T17:00:00","Italy","Molise",5,8,5,1,21,253
"2020-03-16T17:00:00","Italy","Piemonte",186,1231,0,111,1516,5588
"2020-03-16T17:00:00","Italy","Puglia",6,122,2,16,230,2017
"2020-03-16T17:00:00","Italy","Sardegna",0,39,0,2,107,797
"2020-03-16T17:00:00","Italy","Sicilia",20,95,8,2,213,2653
"2020-03-16T17:00:00","Italy","Toscana",107,282,11,14,866,5910
"2020-03-16T17:00:00","Italy","P.A. Trento",19,92,5,6,378,1006
"2020-03-16T17:00:00","Italy","Umbria",15,45,4,1,164,1093
"2020-03-16T17:00:00","Italy","Valle d'Aosta",5,33,0,2,105,287
"2020-03-16T17:00:00","Italy","Veneto",156,654,130,69,2473,35052
"2020-03-17T17:00:00","Italy","Abruzzo",32,126,7,6,229,1688
"2020-03-17T17:00:00","Italy","Basilicata",2,7,0,0,20,262
"2020-03-17T17:00:00","Italy","P.A. Bolzano",11,82,1,8,291,2149
"2020-03-17T17:00:00","Italy","Calabria",10,55,1,1,114,1293
"2020-03-17T17:00:00","Italy","Campania",24,151,28,9,460,2685
"2020-03-17T17:00:00","Italy","Emilia-Romagna",223,1789,134,393,3931,14510
"2020-03-17T17:00:00","Italy","Friuli Venezia Giulia",21,125,17,30,394,4958
"2020-03-17T17:00:00","Italy","Lazio",44,358,34,23,607,9436
"2020-03-17T17:00:00","Italy","Liguria",85,384,57,60,778,2509
"2020-03-17T17:00:00","Italy","Lombardia",879,7832,2485,1640,16220,46449
"2020-03-17T17:00:00","Italy","Marche",109,708,0,69,1371,3225
"2020-03-17T17:00:00","Italy","Molise",5,12,5,1,25,301
"2020-03-17T17:00:00","Italy","Piemonte",206,1584,0,133,1897,6543
"2020-03-17T17:00:00","Italy","Puglia",14,169,2,18,340,3077
"2020-03-17T17:00:00","Italy","Sardegna",4,40,0,2,117,1003
"2020-03-17T17:00:00","Italy","Sicilia",28,114,8,3,237,2916
"2020-03-17T17:00:00","Italy","Toscana",143,472,12,17,1053,6727
"2020-03-17T17:00:00","Italy","P.A. Trento",22,129,10,7,385,1727
"2020-03-17T17:00:00","Italy","Umbria",21,57,4,1,197,1323
"2020-03-17T17:00:00","Italy","Valle d'Aosta",6,41,0,2,136,398
"2020-03-17T17:00:00","Italy","Veneto",171,719,136,80,2704,35478
"2020-03-18T17:00:00","Italy","Abruzzo",41,140,7,7,263,2054
"2020-03-18T17:00:00","Italy","Basilicata",2,11,0,0,27,262
"2020-03-18T17:00:00","Italy","P.A. Bolzano",18,97,1,9,376,2844
"2020-03-18T17:00:00","Italy","Calabria",11,56,2,1,129,1668
"2020-03-18T17:00:00","Italy","Campania",24,151,28,9,460,2685
"2020-03-18T17:00:00","Italy","Emilia-Romagna",247,2031,152,458,4525,15461
"2020-03-18T17:00:00","Italy","Friuli Venezia Giulia",27,155,15,31,462,4958
"2020-03-18T17:00:00","Italy","Lazio",44,418,42,32,724,11145
"2020-03-18T17:00:00","Italy","Liguria",100,501,70,73,887,2912
"2020-03-18T17:00:00","Italy","Lombardia",924,8209,3488,1959,17713,48983
"2020-03-18T17:00:00","Italy","Marche",119,757,0,92,1568,4109
"2020-03-18T17:00:00","Italy","Molise",6,13,6,1,28,361
"2020-03-18T17:00:00","Italy","Piemonte",227,2007,0,154,2341,7516
"2020-03-18T17:00:00","Italy","Puglia",30,186,2,19,383,3433
"2020-03-18T17:00:00","Italy","Sardegna",7,49,0,2,134,1135
"2020-03-18T17:00:00","Italy","Sicilia",29,129,12,3,282,3294
"2020-03-18T17:00:00","Italy","Toscana",160,587,17,22,1330,7606
"2020-03-18T17:00:00","Italy","P.A. Trento",22,163,12,7,455,2187
"2020-03-18T17:00:00","Italy","Umbria",21,75,4,2,247,1601
"2020-03-18T17:00:00","Italy","Valle d'Aosta",3,44,0,3,165,486
"2020-03-18T17:00:00","Italy","Veneto",195,841,167,94,3214,40841
"2020-03-19T17:00:00","Italy","Abruzzo",47,228,8,11,385,2409
"2020-03-19T17:00:00","Italy","Basilicata",5,13,0,0,37,353
"2020-03-19T17:00:00","Italy","P.A. Bolzano",18,105,1,14,436,3568
"2020-03-19T17:00:00","Italy","Calabria",13,73,2,3,169,2342
"2020-03-19T17:00:00","Italy","Campania",36,249,30,17,652,3544
"2020-03-19T17:00:00","Italy","Emilia-Romagna",260,2160,177,531,5214,18344
"2020-03-19T17:00:00","Italy","Friuli Venezia Giulia",29,163,41,36,599,4052
"2020-03-19T17:00:00","Italy","Lazio",45,471,44,38,823,11145
"2020-03-19T17:00:00","Italy","Liguria",112,603,85,91,1059,3348
"2020-03-19T17:00:00","Italy","Lombardia",1006,8393,3778,2168,19884,52244
"2020-03-19T17:00:00","Italy","Marche",141,797,0,115,1737,4512
"2020-03-19T17:00:00","Italy","Molise",6,25,6,2,46,426
"2020-03-19T17:00:00","Italy","Piemonte",257,2536,3,175,2932,8853
"2020-03-19T17:00:00","Italy","Puglia",31,204,4,25,478,4046
"2020-03-19T17:00:00","Italy","Sardegna",9,52,0,2,206,1334
"2020-03-19T17:00:00","Italy","Sicilia",36,179,15,4,340,3961
"2020-03-19T17:00:00","Italy","Toscana",178,679,22,38,1482,8873
"2020-03-19T17:00:00","Italy","P.A. Trento",30,199,20,12,523,2203
"2020-03-19T17:00:00","Italy","Umbria",21,90,4,2,334,1954
"2020-03-19T17:00:00","Italy","Valle d'Aosta",9,56,0,6,215,608
"2020-03-19T17:00:00","Italy","Veneto",209,980,200,115,3484,44658
"2020-03-20T17:00:00","Italy","Abruzzo",48,238,10,17,449,2695
"2020-03-20T17:00:00","Italy","Basilicata",5,13,0,0,52,443
"2020-03-20T17:00:00","Italy","P.A. Bolzano",24,123,1,17,548,4433
"2020-03-20T17:00:00","Italy","Calabria",16,87,2,4,207,2690
"2020-03-20T17:00:00","Italy","Campania",41,171,30,17,749,3845
"2020-03-20T17:00:00","Italy","Emilia-Romagna",267,2350,239,640,5968,20753
"2020-03-20T17:00:00","Italy","Friuli Venezia Giulia",32,175,63,38,656,4964
"2020-03-20T17:00:00","Italy","Lazio",47,584,53,43,1008,13889
"2020-03-20T17:00:00","Italy","Liguria",121,694,101,119,1221,3794
"2020-03-20T17:00:00","Italy","Lombardia",1050,8785,4295,2549,22264,57174
"2020-03-20T17:00:00","Italy","Marche",138,842,0,137,1981,5170
"2020-03-20T17:00:00","Italy","Molise",6,26,6,5,50,426
"2020-03-20T17:00:00","Italy","Piemonte",280,1821,8,209,3461,9975
"2020-03-20T17:00:00","Italy","Puglia",31,222,4,26,581,4789
"2020-03-20T17:00:00","Italy","Sardegna",15,71,3,2,293,1912
"2020-03-20T17:00:00","Italy","Sicilia",42,210,25,4,408,4468
"2020-03-20T17:00:00","Italy","Toscana",189,790,33,47,1793,10405
"2020-03-20T17:00:00","Italy","P.A. Trento",34,232,29,13,642,2656
"2020-03-20T17:00:00","Italy","Umbria",24,99,4,7,395,2303
"2020-03-20T17:00:00","Italy","Valle d'Aosta",9,63,0,7,264,814
"2020-03-20T17:00:00","Italy","Veneto",236,1079,223,131,4031,49288
"2020-03-21T17:00:00","Italy","Abruzzo",44,229,13,22,529,3035
"2020-03-21T17:00:00","Italy","Basilicata",7,19,0,0,66,522
"2020-03-21T17:00:00","Italy","P.A. Bolzano",30,157,1,20,621,5179
"2020-03-21T17:00:00","Italy","Calabria",16,89,5,5,235,3050
"2020-03-21T17:00:00","Italy","Campania",87,320,29,22,844,4448
"2020-03-21T17:00:00","Italy","Emilia-Romagna",265,2532,329,715,6705,24620
"2020-03-21T17:00:00","Italy","Friuli Venezia Giulia",37,189,82,42,790,5955
"2020-03-21T17:00:00","Italy","Lazio",70,661,54,50,1190,13889
"2020-03-21T17:00:00","Italy","Liguria",129,727,125,152,1436,4304
"2020-03-21T17:00:00","Italy","Lombardia",1093,9351,5050,3095,25515,66730
"2020-03-21T17:00:00","Italy","Marche",141,883,2,154,2153,5740
"2020-03-21T17:00:00","Italy","Molise",6,27,7,7,61,449
"2020-03-21T17:00:00","Italy","Piemonte",301,2277,8,238,3752,10701
"2020-03-21T17:00:00","Italy","Puglia",33,242,4,29,675,5617
"2020-03-21T17:00:00","Italy","Sardegna",16,81,5,4,330,2297
"2020-03-21T17:00:00","Italy","Sicilia",48,254,26,6,490,4883
"2020-03-21T17:00:00","Italy","Toscana",202,866,35,72,2012,11909
"2020-03-21T17:00:00","Italy","P.A. Trento",39,272,34,28,782,2656
"2020-03-21T17:00:00","Italy","Umbria",29,121,5,10,462,2712
"2020-03-21T17:00:00","Italy","Valle d'Aosta",15,77,1,8,313,884
"2020-03-21T17:00:00","Italy","Veneto",249,1191,257,146,4617,53642
"2020-03-22T17:00:00","Italy","Abruzzo",49,267,15,33,587,3375
"2020-03-22T17:00:00","Italy","Basilicata",10,23,0,0,81,643
"2020-03-22T17:00:00","Italy","P.A. Bolzano",32,178,7,23,678,5718
"2020-03-22T17:00:00","Italy","Calabria",17,94,5,8,273,3666
"2020-03-22T17:00:00","Italy","Campania",99,342,41,29,936,4943
"2020-03-22T17:00:00","Italy","Emilia-Romagna",269,2698,349,816,7555,28022
"2020-03-22T17:00:00","Italy","Friuli Venezia Giulia",47,210,89,47,874,6761
"2020-03-22T17:00:00","Italy","Lazio",79,750,58,53,1383,17845
"2020-03-22T17:00:00","Italy","Liguria",132,868,143,171,1665,4995
"2020-03-22T17:00:00","Italy","Lombardia",1142,10581,5865,3456,27206,70598
"2020-03-22T17:00:00","Italy","Marche",138,954,6,184,2421,6391
"2020-03-22T17:00:00","Italy","Molise",7,31,7,7,66,532
"2020-03-22T17:00:00","Italy","Piemonte",308,2426,10,283,4420,12701
"2020-03-22T17:00:00","Italy","Puglia",37,289,7,31,786,6160
"2020-03-22T17:00:00","Italy","Sardegna",16,83,5,7,339,2402
"2020-03-22T17:00:00","Italy","Sicilia",55,275,26,8,630,5580
"2020-03-22T17:00:00","Italy","Toscana",215,921,42,91,2277,13264
"2020-03-22T17:00:00","Italy","P.A. Trento",46,281,34,35,954,3050
"2020-03-22T17:00:00","Italy","Umbria",35,132,5,16,521,3135
"2020-03-22T17:00:00","Italy","Valle d'Aosta",21,84,1,9,364,950
"2020-03-22T17:00:00","Italy","Veneto",255,1368,309,169,5122,57671
"2020-03-23T17:00:00","Italy","Abruzzo",52,280,20,38,663,3674
"2020-03-23T17:00:00","Italy","Basilicata",12,27,0,1,90,696
"2020-03-23T17:00:00","Italy","P.A. Bolzano",33,178,7,29,724,6084
"2020-03-23T17:00:00","Italy","Calabria",20,102,5,7,292,4073
"2020-03-23T17:00:00","Italy","Campania",110,376,48,49,1026,5813
"2020-03-23T17:00:00","Italy","Emilia-Romagna",276,3122,423,892,8535,31200
"2020-03-23T17:00:00","Italy","Friuli Venezia Giulia",41,226,105,54,930,7424
"2020-03-23T17:00:00","Italy","Lazio",96,814,63,63,1540,18371
"2020-03-23T17:00:00","Italy","Liguria",133,894,159,212,1924,5538
"2020-03-23T17:00:00","Italy","Lombardia",1183,10449,6075,3776,28761,73242
"2020-03-23T17:00:00","Italy","Marche",148,1030,8,203,2569,6782
"2020-03-23T17:00:00","Italy","Molise",7,32,10,7,67,532
"2020-03-23T17:00:00","Italy","Piemonte",343,2537,17,315,4861,13560
"2020-03-23T17:00:00","Italy","Puglia",45,330,7,37,906,6761
"2020-03-23T17:00:00","Italy","Sardegna",18,94,5,11,359,2568
"2020-03-23T17:00:00","Italy","Sicilia",60,310,27,13,721,6375
"2020-03-23T17:00:00","Italy","Toscana",238,1076,51,109,2461,13851
"2020-03-23T17:00:00","Italy","P.A. Trento",46,295,68,41,1023,3150
"2020-03-23T17:00:00","Italy","Umbria",42,148,5,16,577,3561
"2020-03-23T17:00:00","Italy","Valle d'Aosta",20,89,2,12,393,1098
"2020-03-23T17:00:00","Italy","Veneto",281,1487,327,192,5505,61115
"2020-03-24T17:00:00","Italy","Abruzzo",57,291,21,46,689,4294
"2020-03-24T17:00:00","Italy","Basilicata",12,26,0,1,92,744
"2020-03-24T17:00:00","Italy","P.A. Bolzano",38,204,44,38,781,6509
"2020-03-24T17:00:00","Italy","Calabria",21,109,5,10,319,4486
"2020-03-24T17:00:00","Italy","Campania",181,526,53,56,1101,6297
"2020-03-24T17:00:00","Italy","Emilia-Romagna",291,3265,558,985,9254,33527
"2020-03-24T17:00:00","Italy","Friuli Venezia Giulia",49,244,80,64,992,8526
"2020-03-24T17:00:00","Italy","Lazio",94,841,103,80,1728,18371
"2020-03-24T17:00:00","Italy","Liguria",147,950,193,231,2116,5992
"2020-03-24T17:00:00","Italy","Lombardia",1194,10905,6657,4178,30703,76695
"2020-03-24T17:00:00","Italy","Marche",149,1011,8,231,2736,7229
"2020-03-24T17:00:00","Italy","Molise",7,34,10,8,73,572
"2020-03-24T17:00:00","Italy","Piemonte",360,2764,17,374,5515,15469
"2020-03-24T17:00:00","Italy","Puglia",57,374,21,44,1005,7345
"2020-03-24T17:00:00","Italy","Sardegna",19,99,11,15,421,2859
"2020-03-24T17:00:00","Italy","Sicilia",60,310,27,20,846,7170
"2020-03-24T17:00:00","Italy","Toscana",244,1162,51,129,2699,15701
"2020-03-24T17:00:00","Italy","P.A. Trento",49,357,79,56,1110,3712
"2020-03-24T17:00:00","Italy","Umbria",43,148,5,19,648,4108
"2020-03-24T17:00:00","Italy","Valle d'Aosta",20,91,2,19,400,1180
"2020-03-24T17:00:00","Italy","Veneto",304,1622,381,216,5948,66178
"2020-03-25T17:00:00","Italy","Abruzzo",59,307,23,52,813,4982
"2020-03-25T17:00:00","Italy","Basilicata",14,34,0,1,113,857
"2020-03-25T17:00:00","Italy","P.A. Bolzano",40,230,67,43,858,6649
"2020-03-25T17:00:00","Italy","Calabria",23,116,7,11,351,5058
"2020-03-25T17:00:00","Italy","Campania",123,441,53,74,1199,6972
"2020-03-25T17:00:00","Italy","Emilia-Romagna",294,3474,721,1077,10054,38045
"2020-03-25T17:00:00","Italy","Friuli Venezia Giulia",52,252,158,70,1139,9494
"2020-03-25T17:00:00","Italy","Lazio",101,906,131,95,1901,20669
"2020-03-25T17:00:00","Italy","Liguria",147,1074,225,254,2305,6602
"2020-03-25T17:00:00","Italy","Lombardia",1236,11262,7281,4474,32346,81666
"2020-03-25T17:00:00","Italy","Marche",148,1086,8,287,2934,7896
"2020-03-25T17:00:00","Italy","Molise",7,33,12,8,73,580
"2020-03-25T17:00:00","Italy","Piemonte",381,2925,19,449,6024,16655
"2020-03-25T17:00:00","Italy","Puglia",64,413,22,48,1093,8223
"2020-03-25T17:00:00","Italy","Sardegna",19,101,12,18,442,3019
"2020-03-25T17:00:00","Italy","Sicilia",80,339,33,25,994,8312
"2020-03-25T17:00:00","Italy","Toscana",251,1250,54,142,2972,17868
"2020-03-25T17:00:00","Italy","P.A. Trento",65,373,90,74,1222,4114
"2020-03-25T17:00:00","Italy","Umbria",44,167,5,19,710,4707
"2020-03-25T17:00:00","Italy","Valle d'Aosta",25,95,2,24,401,1200
"2020-03-25T17:00:00","Italy","Veneto",316,1723,439,258,6442,70877
"2020-03-26T17:00:00","Italy","Abruzzo",64,344,23,63,946,5488
"2020-03-26T17:00:00","Italy","Basilicata",16,38,0,1,134,1046
"2020-03-26T17:00:00","Italy","P.A. Bolzano",43,266,67,48,906,7744
"2020-03-26T17:00:00","Italy","Calabria",23,124,7,14,393,5933
"2020-03-26T17:00:00","Italy","Campania",114,562,58,83,1310,8346
"2020-03-26T17:00:00","Italy","Emilia-Romagna",301,3655,792,1174,10816,42395
"2020-03-26T17:00:00","Italy","Friuli Venezia Giulia",54,266,197,72,1223,10721
"2020-03-26T17:00:00","Italy","Lazio",113,991,155,106,2096,22771
"2020-03-26T17:00:00","Italy","Liguria",154,1152,260,280,2567,7304
"2020-03-26T17:00:00","Italy","Lombardia",1263,11944,7839,4861,34889,87713
"2020-03-26T17:00:00","Italy","Marche",166,1143,9,310,3114,8623
"2020-03-26T17:00:00","Italy","Molise",8,35,14,8,103,670
"2020-03-26T17:00:00","Italy","Piemonte",408,3041,135,449,6534,18054
"2020-03-26T17:00:00","Italy","Puglia",76,556,22,65,1182,9191
"2020-03-26T17:00:00","Italy","Sardegna",20,112,13,19,494,3461
"2020-03-26T17:00:00","Italy","Sicilia",68,414,36,33,1164,9658
"2020-03-26T17:00:00","Italy","Toscana",259,1296,95,158,3226,20952
"2020-03-26T17:00:00","Italy","P.A. Trento",66,366,117,86,1297,4600
"2020-03-26T17:00:00","Italy","Umbria",46,190,12,20,802,5428
"2020-03-26T17:00:00","Italy","Valle d'Aosta",24,97,2,28,408,1203
"2020-03-26T17:00:00","Italy","Veneto",326,1773,508,287,6935,79759
"2020-03-27T17:00:00","Italy","Abruzzo",71,360,24,68,1017,6109
"2020-03-27T17:00:00","Italy","Basilicata",15,37,1,3,151,1254
"2020-03-27T17:00:00","Italy","P.A. Bolzano",45,294,110,60,1003,8520
"2020-03-27T17:00:00","Italy","Calabria",22,125,7,18,494,6901
"2020-03-27T17:00:00","Italy","Campania",113,569,64,98,1454,9613
"2020-03-27T17:00:00","Italy","Emilia-Romagna",308,3769,960,1267,11588,47798
"2020-03-27T17:00:00","Italy","Friuli Venezia Giulia",57,279,214,76,1317,11841
"2020-03-27T17:00:00","Italy","Lazio",126,1118,164,118,2295,24106
"2020-03-27T17:00:00","Italy","Liguria",157,1180,305,331,2696,7804
"2020-03-27T17:00:00","Italy","Lombardia",1292,12429,8001,5402,37298,95860
"2020-03-27T17:00:00","Italy","Marche",162,1141,10,336,3196,9060
"2020-03-27T17:00:00","Italy","Molise",9,35,14,9,109,710
"2020-03-27T17:00:00","Italy","Piemonte",431,3283,176,569,7092,19705
"2020-03-27T17:00:00","Italy","Puglia",82,612,29,69,1334,10233
"2020-03-27T17:00:00","Italy","Sardegna",19,112,13,21,530,3801
"2020-03-27T17:00:00","Italy","Sicilia",75,500,53,39,1250,11079
"2020-03-27T17:00:00","Italy","Toscana",274,1327,103,177,3450,23746
"2020-03-27T17:00:00","Italy","P.A. Trento",66,407,125,102,1391,4923
"2020-03-27T17:00:00","Italy","Umbria",46,195,39,21,884,6137
"2020-03-27T17:00:00","Italy","Valle d'Aosta",24,115,2,37,452,1252
"2020-03-27T17:00:00","Italy","Veneto",338,1874,536,313,7497,83627
"2020-03-28T17:00:00","Italy","Abruzzo",70,381,30,76,1133,7003
"2020-03-28T17:00:00","Italy","Basilicata",19,45,1,3,182,1421
"2020-03-28T17:00:00","Italy","P.A. Bolzano",51,276,116,64,1109,9168
"2020-03-28T17:00:00","Italy","Calabria",22,129,11,21,555,7760
"2020-03-28T17:00:00","Italy","Campania",132,595,76,109,1592,10616
"2020-03-28T17:00:00","Italy","Emilia-Romagna",316,4011,1075,1344,12383,52991
"2020-03-28T17:00:00","Italy","Friuli Venezia Giulia",59,282,229,87,1436,12723
"2020-03-28T17:00:00","Italy","Lazio",133,1118,200,124,2505,27179
"2020-03-28T17:00:00","Italy","Liguria",167,1198,378,358,2822,8177
"2020-03-28T17:00:00","Italy","Lombardia",1319,12471,8962,5944,39415,102503
"2020-03-28T17:00:00","Italy","Marche",166,1153,10,364,3373,9884
"2020-03-28T17:00:00","Italy","Molise",9,35,16,9,123,807
"2020-03-28T17:00:00","Italy","Piemonte",439,3533,203,617,7671,21511
"2020-03-28T17:00:00","Italy","Puglia",98,661,29,71,1458,11500
"2020-03-28T17:00:00","Italy","Sardegna",22,117,29,26,624,4225
"2020-03-28T17:00:00","Italy","Sicilia",71,512,60,57,1359,13096
"2020-03-28T17:00:00","Italy","Toscana",277,1370,108,198,3817,25613
"2020-03-28T17:00:00","Italy","P.A. Trento",72,423,151,120,1505,5561
"2020-03-28T17:00:00","Italy","Umbria",44,203,43,28,969,7028
"2020-03-28T17:00:00","Italy","Valle d'Aosta",26,116,2,41,511,1380
"2020-03-28T17:00:00","Italy","Veneto",344,1903,655,362,7930,89380
"2020-03-29T17:00:00","Italy","Abruzzo",68,397,36,88,1293,7730
"2020-03-29T17:00:00","Italy","Basilicata",18,50,1,4,202,1585
"2020-03-29T17:00:00","Italy","P.A. Bolzano",56,290,116,64,1214,10137
"2020-03-29T17:00:00","Italy","Calabria",19,143,12,25,614,8485
"2020-03-29T17:00:00","Italy","Campania",135,611,86,117,1759,11805
"2020-03-29T17:00:00","Italy","Emilia-Romagna",333,4102,1141,1443,13119,52991
"2020-03-29T17:00:00","Italy","Friuli Venezia Giulia",60,296,241,98,1480,13397
"2020-03-29T17:00:00","Italy","Lazio",133,1195,208,136,2706,27744
"2020-03-29T17:00:00","Italy","Liguria",166,1243,420,377,3076,9100
"2020-03-29T17:00:00","Italy","Lombardia",1328,12941,9255,6360,41007,107398
"2020-03-29T17:00:00","Italy","Marche",168,1168,12,386,3558,10431
"2020-03-29T17:00:00","Italy","Molise",9,34,18,9,127,918
"2020-03-29T17:00:00","Italy","Piemonte",443,3428,254,684,8206,24058
"2020-03-29T17:00:00","Italy","Puglia",99,658,31,86,1549,12361
"2020-03-29T17:00:00","Italy","Sardegna",23,128,29,27,638,4598
"2020-03-29T17:00:00","Italy","Sicilia",71,522,65,65,1460,13814
"2020-03-29T17:00:00","Italy","Toscana",275,1386,121,215,4122,27579
"2020-03-29T17:00:00","Italy","P.A. Trento",75,431,172,129,1594,5950
"2020-03-29T17:00:00","Italy","Umbria",46,212,95,31,1023,7685
"2020-03-29T17:00:00","Italy","Valle d'Aosta",26,116,2,43,584,1480
"2020-03-29T17:00:00","Italy","Veneto",355,1941,715,392,8358,94784
"2020-03-30T17:00:00","Italy","Abruzzo",69,391,74,102,1345,7948
"2020-03-30T17:00:00","Italy","Basilicata",18,54,1,5,214,1833
"2020-03-30T17:00:00","Italy","P.A. Bolzano",62,293,153,74,1325,10640
"2020-03-30T17:00:00","Italy","Calabria",18,148,14,31,647,9013
"2020-03-30T17:00:00","Italy","Campania",126,594,88,125,1952,12969
"2020-03-30T17:00:00","Italy","Emilia-Romagna",351,4130,1227,1538,13531,50990
"2020-03-30T17:00:00","Italy","Friuli Venezia Giulia",60,289,285,107,1501,14003
"2020-03-30T17:00:00","Italy","Lazio",154,1233,267,150,2914,32846
"2020-03-30T17:00:00","Italy","Liguria",175,1317,437,397,3217,9677
"2020-03-30T17:00:00","Italy","Lombardia",1330,13145,10337,6818,42161,111057
"2020-03-30T17:00:00","Italy","Marche",167,1165,16,417,3684,10979
"2020-03-30T17:00:00","Italy","Molise",8,35,18,9,134,955
"2020-03-30T17:00:00","Italy","Piemonte",452,3437,308,749,8712,25478
"2020-03-30T17:00:00","Italy","Puglia",106,696,36,91,1712,13117
"2020-03-30T17:00:00","Italy","Sardegna",24,137,32,28,682,4993
"2020-03-30T17:00:00","Italy","Sicilia",75,559,71,76,1555,14758
"2020-03-30T17:00:00","Italy","Toscana",279,1395,131,231,4412,30099
"2020-03-30T17:00:00","Italy","P.A. Trento",78,431,178,147,1682,6377
"2020-03-30T17:00:00","Italy","Umbria",47,220,184,33,1051,8150
"2020-03-30T17:00:00","Italy","Valle d'Aosta",26,118,16,50,584,1536
"2020-03-30T17:00:00","Italy","Veneto",356,1989,747,413,8724,99941
"2020-03-31T17:00:00","Italy","Abruzzo",73,408,95,115,1401,8758
"2020-03-31T17:00:00","Italy","Basilicata",17,54,3,7,226,2043
"2020-03-31T17:00:00","Italy","P.A. Bolzano",62,311,153,76,1371,11275
"2020-03-31T17:00:00","Italy","Calabria",17,149,17,36,659,9327
"2020-03-31T17:00:00","Italy","Campania",133,634,88,133,2092,14403
"2020-03-31T17:00:00","Italy","Emilia-Romagna",353,4118,1477,1644,14074,54532
"2020-03-31T17:00:00","Italy","Friuli Venezia Giulia",60,275,320,113,1593,14899
"2020-03-31T17:00:00","Italy","Lazio",173,1300,291,162,3095,34677
"2020-03-31T17:00:00","Italy","Liguria",179,1332,480,428,3416,10376
"2020-03-31T17:00:00","Italy","Lombardia",1324,13207,10885,7199,43208,114640
"2020-03-31T17:00:00","Italy","Marche",169,1115,21,452,3825,11724
"2020-03-31T17:00:00","Italy","Molise",8,37,18,9,144,1049
"2020-03-31T17:00:00","Italy","Piemonte",452,3626,365,854,9301,27658
"2020-03-31T17:00:00","Italy","Puglia",105,714,39,110,1803,14073
"2020-03-31T17:00:00","Italy","Sardegna",28,141,34,31,722,5257
"2020-03-31T17:00:00","Italy","Sicilia",72,575,74,81,1647,15634
"2020-03-31T17:00:00","Italy","Toscana",293,1413,138,244,4608,33165
"2020-03-31T17:00:00","Italy","P.A. Trento",80,434,193,164,1746,6973
"2020-03-31T17:00:00","Italy","Umbria",43,219,190,37,1078,8685
"2020-03-31T17:00:00","Italy","Valle d'Aosta",26,117,20,56,628,1582
"2020-03-31T17:00:00","Italy","Veneto",356,2036,828,477,9155,106238
"2020-04-01T17:00:00","Italy","Abruzzo",71,413,102,123,1436,9610
"2020-04-01T17:00:00","Italy","Basilicata",15,54,3,9,237,2262
"2020-04-01T17:00:00","Italy","P.A. Bolzano",57,326,190,116,1418,11951
"2020-04-01T17:00:00","Italy","Calabria",16,160,21,38,669,9983
"2020-04-01T17:00:00","Italy","Campania",129,607,107,148,2231,15728
"2020-04-01T17:00:00","Italy","Emilia-Romagna",359,4257,1566,1732,14787,58457
"2020-04-01T17:00:00","Italy","Friuli Venezia Giulia",60,266,357,122,1685,15987
"2020-04-01T17:00:00","Italy","Lazio",177,1308,337,169,3264,35810
"2020-04-01T17:00:00","Italy","Liguria",179,1293,555,460,3660,11334
"2020-04-01T17:00:00","Italy","Lombardia",1342,13269,11415,7593,44773,121449
"2020-04-01T17:00:00","Italy","Marche",168,1152,29,477,3962,12296
"2020-04-01T17:00:00","Italy","Molise",8,40,19,10,160,1157
"2020-04-01T17:00:00","Italy","Piemonte",453,3599,439,886,9795,30060
"2020-04-01T17:00:00","Italy","Puglia",107,744,61,129,1946,15209
"2020-04-01T17:00:00","Italy","Sardegna",27,146,36,34,745,5501
"2020-04-01T17:00:00","Italy","Sicilia",72,568,86,88,1718,16836
"2020-04-01T17:00:00","Italy","Toscana",297,1417,182,253,4867,36575
"2020-04-01T17:00:00","Italy","P.A. Trento",76,421,214,173,1870,7675
"2020-04-01T17:00:00","Italy","Umbria",45,218,194,37,1095,9080
"2020-04-01T17:00:00","Italy","Valle d'Aosta",27,112,32,59,631,1717
"2020-04-01T17:00:00","Italy","Veneto",350,2068,902,499,9625,112746
"2020-04-02T17:00:00","Italy","Abruzzo",75,416,113,133,1497,10647
"2020-04-02T17:00:00","Italy","Basilicata",19,57,3,10,246,2427
"2020-04-02T17:00:00","Italy","P.A. Bolzano",60,339,190,129,1479,12677
"2020-04-02T17:00:00","Italy","Calabria",19,182,23,41,691,10679
"2020-04-02T17:00:00","Italy","Campania",120,623,149,167,2456,17404
"2020-04-02T17:00:00","Italy","Emilia-Romagna",366,4310,1663,1811,15333,60507
"2020-04-02T17:00:00","Italy","Friuli Venezia Giulia",60,259,376,129,1799,17121
"2020-04-02T17:00:00","Italy","Lazio",181,1350,369,185,3433,41575
"2020-04-02T17:00:00","Italy","Liguria",172,1292,634,488,3782,12069
"2020-04-02T17:00:00","Italy","Lombardia",1351,13113,12229,7960,46065,128286
"2020-04-02T17:00:00","Italy","Marche",164,1150,40,503,4098,12943
"2020-04-02T17:00:00","Italy","Molise",8,38,21,11,165,1229
"2020-04-02T17:00:00","Italy","Piemonte",453,3794,571,983,10353,32100
"2020-04-02T17:00:00","Italy","Puglia",118,763,69,144,2077,16554
"2020-04-02T17:00:00","Italy","Sardegna",24,141,36,40,794,5970
"2020-04-02T17:00:00","Italy","Sicilia",73,576,92,93,1791,17833
"2020-04-02T17:00:00","Italy","Toscana",295,1430,216,268,5273,40724
"2020-04-02T17:00:00","Italy","P.A. Trento",78,417,229,187,2003,8496
"2020-04-02T17:00:00","Italy","Umbria",47,218,205,38,1128,9737
"2020-04-02T17:00:00","Italy","Valle d'Aosta",25,110,49,63,668,1934
"2020-04-02T17:00:00","Italy","Veneto",345,2015,1001,532,10111,120320
"2020-04-03T17:00:00","Italy","Abruzzo",76,437,116,146,1563,11890
"2020-04-03T17:00:00","Italy","Basilicata",19,60,3,11,261,2622
"2020-04-03T17:00:00","Italy","P.A. Bolzano",60,351,211,139,1559,13976
"2020-04-03T17:00:00","Italy","Calabria",17,200,26,45,733,11608
"2020-04-03T17:00:00","Italy","Campania",115,647,144,181,2677,19237
"2020-04-03T17:00:00","Italy","Emilia-Romagna",364,4279,1852,1902,15932,63682
"2020-04-03T17:00:00","Italy","Friuli Venezia Giulia",61,262,419,136,1879,19985
"2020-04-03T17:00:00","Italy","Lazio",188,1382,392,199,3600,43776
"2020-04-03T17:00:00","Italy","Liguria",173,1320,700,519,3965,12934
"2020-04-03T17:00:00","Italy","Lombardia",1381,13183,13020,8311,47520,135051
"2020-04-03T17:00:00","Italy","Marche",158,1140,42,557,4230,13678
"2020-04-03T17:00:00","Italy","Molise",8,39,21,11,176,1378
"2020-04-03T17:00:00","Italy","Piemonte",452,3752,723,1043,10896,34281
"2020-04-03T17:00:00","Italy","Puglia",123,771,69,164,2182,17924
"2020-04-03T17:00:00","Italy","Sardegna",24,146,40,41,825,6478
"2020-04-03T17:00:00","Italy","Sicilia",73,608,94,101,1859,18686
"2020-04-03T17:00:00","Italy","Toscana",288,1437,300,290,5499,44460
"2020-04-03T17:00:00","Italy","P.A. Trento",80,423,246,204,2109,8993
"2020-04-03T17:00:00","Italy","Umbria",48,213,220,39,1179,10614
"2020-04-03T17:00:00","Italy","Valle d'Aosta",25,110,89,70,719,2106
"2020-04-03T17:00:00","Italy","Veneto",335,2049,1031,572,10464,126490
"2020-04-04T17:00:00","Italy","Abruzzo",71,425,119,153,1628,12837
"2020-04-04T17:00:00","Italy","Basilicata",19,63,9,11,264,2765
"2020-04-04T17:00:00","Italy","P.A. Bolzano",61,352,245,146,1592,15045
"2020-04-04T17:00:00","Italy","Calabria",15,193,30,49,741,12314
"2020-04-04T17:00:00","Italy","Campania",114,681,146,186,2828,21534
"2020-04-04T17:00:00","Italy","Emilia-Romagna",358,4217,2040,1977,16540,67075
"2020-04-04T17:00:00","Italy","Friuli Venezia Giulia",50,233,505,145,1986,21126
"2020-04-04T17:00:00","Italy","Lazio",193,1429,439,212,3757,44624
"2020-04-04T17:00:00","Italy","Liguria",169,1290,767,542,4203,14087
"2020-04-04T17:00:00","Italy","Lombardia",1326,13328,13242,8656,49118,141877
"2020-04-04T17:00:00","Italy","Marche",153,1150,270,574,4341,14472
"2020-04-04T17:00:00","Italy","Molise",6,37,24,11,206,1504
"2020-04-04T17:00:00","Italy","Piemonte",450,3891,888,1128,11709,37181
"2020-04-04T17:00:00","Italy","Puglia",153,780,94,173,2240,18977
"2020-04-04T17:00:00","Italy","Sardegna",24,147,44,41,874,6789
"2020-04-04T17:00:00","Italy","Sicilia",74,627,95,111,1932,19896
"2020-04-04T17:00:00","Italy","Toscana",286,1415,310,307,5671,47886
"2020-04-04T17:00:00","Italy","P.A. Trento",81,434,257,210,2220,9863
"2020-04-04T17:00:00","Italy","Umbria",44,211,242,41,1210,11809
"2020-04-04T17:00:00","Italy","Valle d'Aosta",23,86,106,82,748,2274
"2020-04-04T17:00:00","Italy","Veneto",324,2015,1124,607,10824,133289
"2020-04-05T17:00:00","Italy","Abruzzo",67,414,125,158,1703,13598
"2020-04-05T17:00:00","Italy","Basilicata",18,64,11,13,278,2931
"2020-04-05T17:00:00","Italy","P.A. Bolzano",53,292,260,158,1644,15723
"2020-04-05T17:00:00","Italy","Calabria",13,187,33,56,795,13077
"2020-04-05T17:00:00","Italy","Campania",108,717,150,189,2960,23139
"2020-04-05T17:00:00","Italy","Emilia-Romagna",375,4214,2201,2051,17089,69986
"2020-04-05T17:00:00","Italy","Friuli Venezia Giulia",50,235,531,154,2048,21652
"2020-04-05T17:00:00","Italy","Lazio",197,1432,475,219,3880,44658
"2020-04-05T17:00:00","Italy","Liguria",165,1291,800,556,4449,15047
"2020-04-05T17:00:00","Italy","Lombardia",1317,13326,13426,8905,50455,149984
"2020-04-05T17:00:00","Italy","Marche",151,1138,287,599,4464,15252
"2020-04-05T17:00:00","Italy","Molise",6,39,24,13,224,1504
"2020-04-05T17:00:00","Italy","Piemonte",444,3916,1017,1168,12362,38539
"2020-04-05T17:00:00","Italy","Puglia",159,733,113,182,2317,20080
"2020-04-05T17:00:00","Italy","Sardegna",25,151,49,43,907,7157
"2020-04-05T17:00:00","Italy","Sicilia",76,632,104,116,1994,21904
"2020-04-05T17:00:00","Italy","Toscana",276,1387,337,325,5847,51006
"2020-04-05T17:00:00","Italy","P.A. Trento",80,432,273,217,2285,10476
"2020-04-05T17:00:00","Italy","Umbria",45,204,298,43,1239,12448
"2020-04-05T17:00:00","Italy","Valle d'Aosta",23,119,115,91,782,2390
"2020-04-05T17:00:00","Italy","Veneto",329,2003,1186,631,11226,140910
"2020-04-06T17:00:00","Italy","Abruzzo",66,406,127,169,1721,14198
"2020-04-06T17:00:00","Italy","Basilicata",18,64,12,13,287,3061
"2020-04-06T17:00:00","Italy","P.A. Bolzano",52,297,298,164,1722,16825
"2020-04-06T17:00:00","Italy","Calabria",14,184,37,58,817,13633
"2020-04-06T17:00:00","Italy","Campania",101,711,156,204,3058,24526
"2020-04-06T17:00:00","Italy","Emilia-Romagna",372,4176,2397,2108,17556,72163
"2020-04-06T17:00:00","Italy","Friuli Venezia Giulia",46,235,549,158,2103,22272
"2020-04-06T17:00:00","Italy","Lazio",197,1432,502,229,4031,47470
"2020-04-06T17:00:00","Italy","Liguria",162,1303,837,595,4549,15533
"2020-04-06T17:00:00","Italy","Lombardia",1343,13257,13863,9202,51534,154989
"2020-04-06T17:00:00","Italy","Marche",140,1141,296,612,4614,15919
"2020-04-06T17:00:00","Italy","Molise",5,39,24,13,224,1546
"2020-04-06T17:00:00","Italy","Piemonte",438,3922,1128,1251,12924,41123
"2020-04-06T17:00:00","Italy","Puglia",97,722,134,195,2444,22059
"2020-04-06T17:00:00","Italy","Sardegna",26,149,56,47,922,7521
"2020-04-06T17:00:00","Italy","Sicilia",74,637,108,123,2046,23464
"2020-04-06T17:00:00","Italy","Toscana",279,1395,350,350,6001,52849
"2020-04-06T17:00:00","Italy","P.A. Trento",79,433,280,230,2348,11130
"2020-04-06T17:00:00","Italy","Umbria",46,205,337,44,1253,12573
"2020-04-06T17:00:00","Italy","Valle d'Aosta",21,130,142,96,805,2590
"2020-04-06T17:00:00","Italy","Veneto",322,2036,1204,662,11588,146288
"2020-04-07T17:00:00","Italy","Abruzzo",67,404,136,172,1799,14904
"2020-04-07T17:00:00","Italy","Basilicata",17,64,12,14,291,3160
"2020-04-07T17:00:00","Italy","P.A. Bolzano",64,389,336,174,1811,17761
"2020-04-07T17:00:00","Italy","Calabria",14,183,40,60,833,14072
"2020-04-07T17:00:00","Italy","Campania",103,706,167,216,3148,25779
"2020-04-07T17:00:00","Italy","Emilia-Romagna",366,4116,2597,2180,17825,75191
"2020-04-07T17:00:00","Italy","Friuli Venezia Giulia",44,229,610,164,2153,23536
"2020-04-07T17:00:00","Italy","Lazio",192,1421,546,238,4149,48874
"2020-04-07T17:00:00","Italy","Liguria",156,1246,925,620,4757,16579
"2020-04-07T17:00:00","Italy","Lombardia",1305,13138,14498,9484,52325,159331
"2020-04-07T17:00:00","Italy","Marche",139,1101,342,630,4710,16619
"2020-04-07T17:00:00","Italy","Molise",5,40,26,13,224,1581
"2020-04-07T17:00:00","Italy","Piemonte",432,3985,1320,1319,13343,44121
"2020-04-07T17:00:00","Italy","Puglia",93,708,168,209,2514,23149
"2020-04-07T17:00:00","Italy","Sardegna",26,148,62,52,935,7680
"2020-04-07T17:00:00","Italy","Sicilia",73,635,113,125,2097,24857
"2020-04-07T17:00:00","Italy","Toscana",263,1350,377,369,6173,56651
"2020-04-07T17:00:00","Italy","P.A. Trento",78,438,342,244,2476,12030
"2020-04-07T17:00:00","Italy","Umbria",41,198,368,49,1263,13274
"2020-04-07T17:00:00","Italy","Valle d'Aosta",17,135,142,100,835,2754
"2020-04-07T17:00:00","Italy","Veneto",297,1876,1265,695,11925,153542
"2020-04-08T17:00:00","Italy","Abruzzo",62,393,146,179,1859,15846
"2020-04-08T17:00:00","Italy","Basilicata",17,65,13,14,297,3296
"2020-04-08T17:00:00","Italy","P.A. Bolzano",65,333,371,183,1835,18865
"2020-04-08T17:00:00","Italy","Calabria",15,185,44,60,859,14977
"2020-04-08T17:00:00","Italy","Campania",97,705,188,221,3268,27784
"2020-04-08T17:00:00","Italy","Emilia-Romagna",361,4130,2890,2234,18234,78367
"2020-04-08T17:00:00","Italy","Friuli Venezia Giulia",41,203,634,169,2218,24798
"2020-04-08T17:00:00","Italy","Lazio",196,1437,574,244,4266,55113
"2020-04-08T17:00:00","Italy","Liguria",153,1262,1007,654,4906,17521
"2020-04-08T17:00:00","Italy","Lombardia",1257,12976,15147,9722,53414,167557
"2020-04-08T17:00:00","Italy","Marche",133,1107,645,652,4859,17532
"2020-04-08T17:00:00","Italy","Molise",4,34,32,13,226,2002
"2020-04-08T17:00:00","Italy","Piemonte",423,3916,1516,1378,13883,48495
"2020-04-08T17:00:00","Italy","Puglia",90,729,177,219,2634,24493
"2020-04-08T17:00:00","Italy","Sardegna",31,143,76,59,975,8493
"2020-04-08T17:00:00","Italy","Sicilia",65,628,133,133,2159,27438
"2020-04-08T17:00:00","Italy","Toscana",260,1326,430,392,6379,60985
"2020-04-08T17:00:00","Italy","P.A. Trento",77,431,407,255,2602,13258
"2020-04-08T17:00:00","Italy","Umbria",41,196,416,50,1289,14105
"2020-04-08T17:00:00","Italy","Valle d'Aosta",20,140,142,102,850,2953
"2020-04-08T17:00:00","Italy","Veneto",285,1839,1503,736,12410,163247
"2020-04-09T17:00:00","Italy","Abruzzo",57,363,171,194,1931,16847
"2020-04-09T17:00:00","Italy","Basilicata",17,67,13,15,303,3474
"2020-04-09T17:00:00","Italy","P.A. Bolzano",64,327,401,187,1903,19875
"2020-04-09T17:00:00","Italy","Calabria",15,183,48,61,874,15698
"2020-04-09T17:00:00","Italy","Campania",94,698,244,227,3344,29664
"2020-04-09T17:00:00","Italy","Emilia-Romagna",355,4077,3103,2316,18677,81715
"2020-04-09T17:00:00","Italy","Friuli Venezia Giulia",37,204,738,171,2299,26205
"2020-04-09T17:00:00","Italy","Lazio",198,1442,644,253,4429,58107
"2020-04-09T17:00:00","Italy","Liguria",154,1257,1085,682,5020,18446
"2020-04-09T17:00:00","Italy","Lombardia",1236,13032,15706,10022,54802,176953
"2020-04-09T17:00:00","Italy","Marche",133,1078,885,669,4955,18194
"2020-04-09T17:00:00","Italy","Molise",4,34,32,13,234,2069
"2020-04-09T17:00:00","Italy","Piemonte",412,3926,1732,1454,14522,52807
"2020-04-09T17:00:00","Italy","Puglia",86,716,190,225,2716,26088
"2020-04-09T17:00:00","Italy","Sardegna",25,131,86,64,1026,8918
"2020-04-09T17:00:00","Italy","Sicilia",63,629,152,138,2232,28742
"2020-04-09T17:00:00","Italy","Toscana",256,1294,441,408,6552,65461
"2020-04-09T17:00:00","Italy","P.A. Trento",69,414,462,268,2708,14338
"2020-04-09T17:00:00","Italy","Umbria",38,192,455,51,1298,15170
"2020-04-09T17:00:00","Italy","Valle d'Aosta",18,136,154,105,868,3142
"2020-04-09T17:00:00","Italy","Veneto",274,1804,1728,756,12933,171456
"2020-04-10T17:00:00","Italy","Abruzzo",53,358,181,198,2014,18088
"2020-04-10T17:00:00","Italy","Basilicata",15,74,14,15,308,3696
"2020-04-10T17:00:00","Italy","P.A. Bolzano",58,316,447,191,1955,20866
"2020-04-10T17:00:00","Italy","Calabria",14,182,50,65,901,16637
"2020-04-10T17:00:00","Italy","Campania",90,690,248,231,3442,31745
"2020-04-10T17:00:00","Italy","Emilia-Romagna",349,3945,3381,2397,19128,85884
"2020-04-10T17:00:00","Italy","Friuli Venezia Giulia",33,200,772,179,2349,28097
"2020-04-10T17:00:00","Italy","Lazio",201,1437,687,263,4583,61769
"2020-04-10T17:00:00","Italy","Liguria",151,1227,1181,709,5191,19514
"2020-04-10T17:00:00","Italy","Lombardia",1202,13079,16280,10238,56048,186325
"2020-04-10T17:00:00","Italy","Marche",127,1052,1086,682,5084,18970
"2020-04-10T17:00:00","Italy","Molise",4,32,37,13,243,2069
"2020-04-10T17:00:00","Italy","Piemonte",394,3891,1904,1532,15012,57457
"2020-04-10T17:00:00","Italy","Puglia",80,711,235,238,2809,27812
"2020-04-10T17:00:00","Italy","Sardegna",26,133,118,69,1063,9444
"2020-04-10T17:00:00","Italy","Sicilia",62,630,187,148,2302,31156
"2020-04-10T17:00:00","Italy","Toscana",256,1267,451,454,6727,72001
"2020-04-10T17:00:00","Italy","P.A. Trento",70,405,547,275,2816,14981
"2020-04-10T17:00:00","Italy","Umbria",39,185,498,52,1302,16325
"2020-04-10T17:00:00","Italy","Valle d'Aosta",16,147,170,107,879,3328
"2020-04-10T17:00:00","Italy","Veneto",257,1778,1981,793,13421,180700
"2020-04-11T17:00:00","Italy","Abruzzo",54,369,190,206,2120,19441
"2020-04-11T17:00:00","Italy","Basilicata",12,72,14,17,312,4050
"2020-04-11T17:00:00","Italy","P.A. Bolzano",56,302,488,200,1957,22186
"2020-04-11T17:00:00","Italy","Calabria",15,184,57,66,915,17493
"2020-04-11T17:00:00","Italy","Campania",85,667,277,238,3517,33781
"2020-04-11T17:00:00","Italy","Emilia-Romagna",341,3871,3659,2481,19635,91759
"2020-04-11T17:00:00","Italy","Friuli Venezia Giulia",28,200,826,185,2393,29685
"2020-04-11T17:00:00","Italy","Lazio",203,1467,720,273,4723,65241
"2020-04-11T17:00:00","Italy","Liguria",146,1149,1309,734,5376,20888
"2020-04-11T17:00:00","Italy","Lombardia",1174,13200,16823,10511,57592,196302
"2020-04-11T17:00:00","Italy","Marche",118,1078,1291,689,5211,20060
"2020-04-11T17:00:00","Italy","Molise",4,32,39,14,246,2201
"2020-04-11T17:00:00","Italy","Piemonte",384,3819,2205,1633,16008,62577
"2020-04-11T17:00:00","Italy","Puglia",73,700,249,253,2904,29463
"2020-04-11T17:00:00","Italy","Sardegna",24,137,130,73,1091,10120
"2020-04-11T17:00:00","Italy","Sicilia",58,620,209,154,2364,33787
"2020-04-11T17:00:00","Italy","Toscana",237,1234,499,467,6958,75756
"2020-04-11T17:00:00","Italy","P.A. Trento",62,397,622,284,2970,16646
"2020-04-11T17:00:00","Italy","Umbria",39,176,534,52,1309,17661
"2020-04-11T17:00:00","Italy","Valle d'Aosta",17,135,205,107,902,3464
"2020-04-11T17:00:00","Italy","Veneto",251,1716,2188,831,13768,190912
"2020-04-12T17:00:00","Italy","Abruzzo",54,400,206,212,2160,20594
"2020-04-12T17:00:00","Italy","Basilicata",12,73,20,18,315,4355
"2020-04-12T17:00:00","Italy","P.A. Bolzano",45,228,378,205,2098,23246
"2020-04-12T17:00:00","Italy","Calabria",14,179,62,66,923,18211
"2020-04-12T17:00:00","Italy","Campania",82,608,305,242,3604,35448
"2020-04-12T17:00:00","Italy","Emilia-Romagna",335,3826,3862,2564,20098,96704
"2020-04-12T17:00:00","Italy","Friuli Venezia Giulia",28,188,910,195,2431,29988
"2020-04-12T17:00:00","Italy","Lazio",201,1469,749,279,4845,68954
"2020-04-12T17:00:00","Italy","Liguria",144,1176,1412,749,5494,21983
"2020-04-12T17:00:00","Italy","Lombardia",1176,13145,17166,10621,59052,205832
"2020-04-12T17:00:00","Italy","Marche",114,1063,1489,700,5303,21057
"2020-04-12T17:00:00","Italy","Molise",4,31,40,15,257,2471
"2020-04-12T17:00:00","Italy","Piemonte",381,3810,2426,1729,16660,66555
"2020-04-12T17:00:00","Italy","Puglia",71,680,277,260,2989,30973
"2020-04-12T17:00:00","Italy","Sardegna",26,135,137,73,1113,10663
"2020-04-12T17:00:00","Italy","Sicilia",53,605,223,163,2416,36098
"2020-04-12T17:00:00","Italy","Toscana",238,1221,578,495,7235,78640
"2020-04-12T17:00:00","Italy","P.A. Trento",61,383,678,293,3053,17797
"2020-04-12T17:00:00","Italy","Umbria",39,168,580,52,1319,18672
"2020-04-12T17:00:00","Italy","Valle d'Aosta",16,125,221,112,921,3510
"2020-04-12T17:00:00","Italy","Veneto",249,1677,2492,856,14077,198442
"2020-04-13T17:00:00","Italy","Abruzzo",54,405,211,224,2213,20667
"2020-04-13T17:00:00","Italy","Basilicata",12,76,31,18,319,4545
"2020-04-13T17:00:00","Italy","P.A. Bolzano",41,231,400,212,2149,24157
"2020-04-13T17:00:00","Italy","Calabria",12,172,70,67,928,18596
"2020-04-13T17:00:00","Italy","Campania",80,686,360,248,3670,36770
"2020-04-13T17:00:00","Italy","Emilia-Romagna",331,3821,4007,2615,20440,99047
"2020-04-13T17:00:00","Italy","Friuli Venezia Giulia",30,189,973,202,2482,30941
"2020-04-13T17:00:00","Italy","Lazio",200,1514,764,284,4968,72746
"2020-04-13T17:00:00","Italy","Liguria",138,1226,1471,760,5596,23129
"2020-04-13T17:00:00","Italy","Lombardia",1143,13171,17478,10901,60314,211092
"2020-04-13T17:00:00","Italy","Marche",108,1067,1588,713,5381,28379
"2020-04-13T17:00:00","Italy","Molise",4,32,40,15,257,2522
"2020-04-13T17:00:00","Italy","Piemonte",379,3723,2543,1826,17134,69170
"2020-04-13T17:00:00","Italy","Puglia",71,671,286,267,3065,31922
"2020-04-13T17:00:00","Italy","Sardegna",27,134,139,75,1128,11010
"2020-04-13T17:00:00","Italy","Sicilia",51,605,237,171,2458,37311
"2020-04-13T17:00:00","Italy","Toscana",225,1217,615,518,7390,80889
"2020-04-13T17:00:00","Italy","P.A. Trento",56,382,746,300,3126,18586
"2020-04-13T17:00:00","Italy","Umbria",38,165,643,52,1320,18740
"2020-04-13T17:00:00","Italy","Valle d'Aosta",15,124,230,115,927,3614
"2020-04-13T17:00:00","Italy","Veneto",245,1672,2603,882,14251,203077
"2020-04-14T17:00:00","Italy","Abruzzo",52,397,213,232,2245,20935
"2020-04-14T17:00:00","Italy","Basilicata",12,74,35,19,319,4759
"2020-04-14T17:00:00","Italy","P.A. Bolzano",39,216,406,214,2184,24457
"2020-04-14T17:00:00","Italy","Calabria",12,173,72,68,956,19014
"2020-04-14T17:00:00","Italy","Campania",82,700,415,260,3769,38094
"2020-04-14T17:00:00","Italy","Emilia-Romagna",328,3801,4269,2705,20752,101896
"2020-04-14T17:00:00","Italy","Friuli Venezia Giulia",28,194,1415,206,2520,31764
"2020-04-14T17:00:00","Italy","Lazio",199,1543,789,300,5111,74650
"2020-04-14T17:00:00","Italy","Liguria",133,1100,1549,793,5808,24446
"2020-04-14T17:00:00","Italy","Lombardia",1122,13199,17821,11142,61326,214870
"2020-04-14T17:00:00","Italy","Marche",106,1043,1603,728,5426,29160
"2020-04-14T17:00:00","Italy","Molise",4,30,42,15,257,2522
"2020-04-14T17:00:00","Italy","Piemonte",367,3762,2708,1927,17690,71678
"2020-04-14T17:00:00","Italy","Puglia",62,673,288,278,3118,33071
"2020-04-14T17:00:00","Italy","Sardegna",24,131,158,80,1138,11893
"2020-04-14T17:00:00","Italy","Sicilia",53,605,255,175,2501,37877
"2020-04-14T17:00:00","Italy","Toscana",225,1227,637,538,7527,82269
"2020-04-14T17:00:00","Italy","P.A. Trento",54,379,749,310,3141,18774
"2020-04-14T17:00:00","Italy","Umbria",37,164,646,53,1321,18956
"2020-04-14T17:00:00","Italy","Valle d'Aosta",14,126,270,118,947,3726
"2020-04-14T17:00:00","Italy","Veneto",233,1660,2790,906,14432,208878
"2020-04-15T17:00:00","Italy","Abruzzo",44,385,224,240,2274,22500
"2020-04-15T17:00:00","Italy","Basilicata",12,72,38,21,320,5037
"2020-04-15T17:00:00","Italy","P.A. Bolzano",32,198,425,223,2224,25370
"2020-04-15T17:00:00","Italy","Calabria",11,167,81,71,971,19662
"2020-04-15T17:00:00","Italy","Campania",86,693,442,278,3807,39534
"2020-04-15T17:00:00","Italy","Emilia-Romagna",325,3713,4664,2788,21029,106149
"2020-04-15T17:00:00","Italy","Friuli Venezia Giulia",24,187,938,212,2544,33800
"2020-04-15T17:00:00","Italy","Lazio",196,1538,874,311,5232,75584
"2020-04-15T17:00:00","Italy","Liguria",120,1079,1665,807,5936,25793
"2020-04-15T17:00:00","Italy","Lombardia",1074,13117,17855,11377,62153,221968
"2020-04-15T17:00:00","Italy","Marche",106,994,1660,746,5503,30329
"2020-04-15T17:00:00","Italy","Molise",4,31,42,15,263,2855
"2020-04-15T17:00:00","Italy","Piemonte",366,3704,3019,2015,18229,75664
"2020-04-15T17:00:00","Italy","Puglia",73,665,323,288,3184,34518
"2020-04-15T17:00:00","Italy","Sardegna",26,133,208,83,1161,12395
"2020-04-15T17:00:00","Italy","Sicilia",49,590,273,181,2535,39867
"2020-04-15T17:00:00","Italy","Toscana",216,1193,693,556,7666,86348
"2020-04-15T17:00:00","Italy","P.A. Trento",48,360,798,318,3220,19535
"2020-04-15T17:00:00","Italy","Umbria",37,159,686,54,1322,20258
"2020-04-15T17:00:00","Italy","Valle d'Aosta",11,123,289,121,958,3894
"2020-04-15T17:00:00","Italy","Veneto",219,1621,2895,940,14624,216344
"2020-04-16T17:00:00","Italy","Abruzzo",42,366,253,243,2346,23786
"2020-04-16T17:00:00","Italy","Basilicata",9,69,41,22,336,5349
"2020-04-16T17:00:00","Italy","P.A. Bolzano",34,214,449,225,2267,26416
"2020-04-16T17:00:00","Italy","Calabria",9,166,90,72,1009,20642
"2020-04-16T17:00:00","Italy","Campania",76,694,483,286,3887,41296
"2020-04-16T17:00:00","Italy","Emilia-Romagna",316,3676,4980,2843,21486,112105
"2020-04-16T17:00:00","Italy","Friuli Venezia Giulia",26,185,1069,217,2616,35766
"2020-04-16T17:00:00","Italy","Lazio",197,1544,920,316,5380,81993
"2020-04-16T17:00:00","Italy","Liguria",103,1060,1774,828,6039,26945
"2020-04-16T17:00:00","Italy","Lombardia",1032,12388,18396,11608,63094,232674
"2020-04-16T17:00:00","Italy","Marche",102,952,1694,764,5582,33778
"2020-04-16T17:00:00","Italy","Molise",4,29,44,16,263,2967
"2020-04-16T17:00:00","Italy","Piemonte",346,3764,3231,2094,19108,80708
"2020-04-16T17:00:00","Italy","Puglia",58,661,334,299,3258,36158
"2020-04-16T17:00:00","Italy","Sardegna",24,133,214,85,1164,12796
"2020-04-16T17:00:00","Italy","Sicilia",48,573,284,187,2579,42405
"2020-04-16T17:00:00","Italy","Toscana",213,1153,745,585,7943,91651
"2020-04-16T17:00:00","Italy","P.A. Trento",43,339,885,322,3294,20773
"2020-04-16T17:00:00","Italy","Umbria",33,149,738,55,1329,21487
"2020-04-16T17:00:00","Italy","Valle d'Aosta",12,117,331,122,971,4159
"2020-04-16T17:00:00","Italy","Veneto",209,1597,3209,981,14990,224549
